country_name,year,literacy_rate_adult_female_of_females_ages_15_and_above,literacy_rate_adult_male_of_males_ages_15_and_above,literacy_rate_adult_total_of_people_ages_15_and_above,number_of_deaths_ages_1014_years,number_of_deaths_ages_1519_years,number_of_deaths_ages_2024_years,number_of_deaths_ages_59_years,number_of_infant_deaths,number_of_infant_deaths_female,number_of_infant_deaths_male,number_of_maternal_deaths,number_of_neonatal_deaths,number_of_stillbirths,unemployment_female_of_female_labor_force,unemployment_male_of_male_labor_force,unemployment_total_of_total_labor_force,year,expenditureoneducationasoftotalgovernmentexpenditure,governmentexpenditureoneducationasofgdp,governmentexpenditureoneducationnotspecifiedbylevel_constantppp,governmentexpenditureoneducationnotspecifiedbylevel_constantusm,governmentexpenditureoneducation_pppmillions,governmentexpenditureoneducation_usmillions,governmentexpenditureoneducation_constantpppmillions,governmentexpenditureoneducation_constantusmillions,grossenrolmentratiofortertiaryeducation_adjustedgenderparityind,grossenrolmentratiofortertiaryeducation_bothsexes,grossenrolmentratiofortertiaryeducation_female,grossenrolmentratiofortertiaryeducation_male,grossenrolmentratio_postsecondarynontertiary_bothsexes,grossenrolmentratio_postsecondarynontertiary_female,grossenrolmentratio_postsecondarynontertiary_genderparityindexg,grossenrolmentratio_postsecondarynontertiary_male,grossenrolmentratio_secondary_bothsexes,grossenrolmentratio_secondary_female,grossenrolmentratio_secondary_genderparityindexgpi,grossenrolmentratio_secondary_male,initialgovernmentfundingperpreprimarystudentasapercentageofgdpp,initialgovernmentfundingperprimarystudentasapercentageofgdpperc,initialgovernmentfundingpersecondarystudentasapercentageofgdppe,initialgovernmentfundingpertertiarystudentasapercentageofgdpper,initialhouseholdfundingpersecondarystudentasapercentageofgdpper,initialhouseholdfundingpertertiarystudentasapercentageofgdpperc,percentageofenrolmentinpostsecondarynontertiaryeducationinpriva,percentageofenrolmentinsecondaryeducationinprivateinstitutions,percentageofenrolmentintertiaryeducationinprivateinstitutions,percentageofgraduatesfromscience_technology_engineeringandmathe,percentageofgraduatesfromprogrammesotherthanscience_technology_,percentageofgraduatesfromtertiaryeducationgraduatingfromagricul,percentageofgraduatesfromtertiaryeducationgraduatingfromartsand,percentageofgraduatesfromtertiaryeducationgraduatingfrombusines,percentageofgraduatesfromtertiaryeducationgraduatingfromeducati,percentageofgraduatesfromtertiaryeducationgraduatingfromenginee,percentageofgraduatesfromtertiaryeducationgraduatingfromhealtha,percentageofgraduatesfromtertiaryeducationgraduatingfrominforma,percentageofgraduatesfromtertiaryeducationgraduatingfromnatural,percentageofgraduatesfromtertiaryeducationgraduatingfromservice,percentageofgraduatesfromtertiaryeducationgraduatingfromsocials,percentageofgraduatesfromtertiaryeducationgraduatingfromprogram,percentageoftotalaidtoeducationallocatedtoleastdevelopedcountri
Afghanistan,32200,46.82304954,100.89254761000001,74.4685688,40467.0,119131.0,128434.0,64808.0,1050327.0,476633.0,573694.0,138100.0,787501.0,579235.0,231.53400040000002,169.90999985,180.75599958,28161.0,116.42359999999998,28.238369999999996,0.0,0.0,18630.378419999997,5442.6417,20367.15682,5144.12062,1.20327,25.31434,11.63147,38.10228,51.32107,39.57158,4.85631,62.3354,632.4749199999999,426.17504999999994,6.958689999999999,827.73927,0.0,76.19031,80.88686999999999,117.21024,0.0,0.0,29.556079999999998,19.515900000000002,91.59939,0.0,0.0,0.0,0.0,0.0,0.0,0.0,0.0,0.0,0.0,0.0,0.0,0.0,0.0
Albania,32200,384.27048492,392.18058777,388.17205810999997,973.0,1880.0,2213.0,843.0,6160.0,2532.0,3628.0,85.0,3945.0,2444.0,228.31299879,236.50500297000002,233.18899917999997,30180.0,82.89748,24.300020000000004,71.55272000000001,24.86819,6872.840639999999,2681.78011,7727.68956,2685.76324,19.44071,722.59437,856.89237,597.48447,0.0,0.0,0.0,0.0,1352.14073,1340.99353,14.773129999999998,1362.5070299999998,0.0,64.04118,30.454400000000003,54.16923,1.55842,31.94386,0.0,70.45607,132.43655,108.45346,491.54654000000005,23.47741,63.74003999999999,179.12975999999998,62.43329,50.80908,92.45943,29.87138,27.772989999999997,12.775459999999999,57.53112,0.0,0.0
Algeria,32200,206.79050827,251.32283783,229.19256591000004,18407.0,28115.0,38888.0,21825.0,309048.0,141241.0,167807.0,13630.0,231875.0,156037.0,294.60300255000004,158.471998219,182.25200081100002,28161.0,11.42835,4.33702,920.66954,322.36045,19044.66904,7416.33862,16004.19952,5603.66208,17.12256,435.82194000000004,524.28369,350.39844000000005,0.0,0.0,0.0,0.0,595.3181400000001,611.17049,7.395860000000001,580.0916399999999,0.0,0.0,0.0,0.0,0.0,0.0,0.0,0.80935,0.0,201.14159,488.41964999999993,11.53675,151.25199000000003,166.51345,13.42943,111.42331999999999,29.148709999999998,24.02165,65.69662,4.78618,111.75314999999999,10.43876,0.0
Andorra,32200,0.0,0.0,0.0,7.0,18.0,34.0,4.0,44.0,20.0,24.0,0.0,22.0,26.0,0.0,0.0,0.0,30180.0,76.99562,39.68832,0.0,349.52031999999997,0.0,1323.08321,0.0,1214.86159,0.0,0.0,0.0,0.0,0.0,0.0,0.0,0.0,0.0,0.0,0.0,0.0,175.59601,169.80092,169.72771,209.09463,0.0,0.0,0.0,39.657900000000005,62.900150000000004,142.39688,757.60312,0.0,26.51799,357.7001,102.13159999999999,31.08191,252.52316000000002,111.31497,0.0,2.12766,16.60262,0.0,0.0
Angola,32200,53.4072113,79.97415161,66.03011322,78138.0,131342.0,165939.0,180969.0,1125801.0,502190.0,623611.0,46300.0,566239.0,383486.0,99.406000375,100.036000251,99.74800086,18093.0,24.13191,7.822889999999999,119.43209,66.90987,9703.23974,4845.92532,11752.60224,6584.2028900000005,2.77693,37.52457,27.02364,38.509899999999995,0.0,0.0,0.0,0.0,147.39525,119.8186,3.48782,175.40467,0.0,0.0,0.0,152.97845999999998,0.0,0.0,0.0,64.18844999999999,224.20324,12.01046,87.98954,0.61836,1.02267,28.48422,33.08229,4.56635,11.04329,4.74076,2.70335,0.52323,13.21547,0.0,0.0
Argentina,32200,989.9783401499999,990.42292023,990.1874313299999,13902.0,39194.0,50155.0,11344.0,130219.0,56990.0,73229.0,4700.0,82286.0,59235.0,159.82200050900002,119.73500109099999,136.532999993,26143.0,191.74791,66.06433000000001,0.0,0.0,514403.93075999996,303143.15843999997,633686.5859000001,392424.56136,17.61684,982.97521,1200.57146,769.98795,0.0,0.0,0.0,0.0,1306.0792000000001,1360.23325,14.12767,1253.57406,143.49455999999998,179.44203999999996,258.75874,203.22001999999998,28.876099999999997,24.165219999999998,0.0,339.83802,310.44529,80.55259000000001,518.5630299999999,13.4957,60.61316,133.80988,110.28376,37.45025,99.89258,23.38571,19.716620000000002,32.16898,68.29896,0.88437,0.0
Armenia,32200,199.36751556000002,199.61157989999998,199.48047638,552.0,1497.0,2051.0,581.0,9902.0,4085.0,5817.0,172.0,6055.0,9693.0,267.994999888,244.23099899500002,255.329002365,30180.0,157.53526,37.794630000000005,610.66088,197.31091999999998,9432.591680000001,3655.2532300000003,11041.218260000001,3567.5327599999996,18.00393,729.63305,810.5406199999999,647.5660600000001,0.0,0.0,0.0,0.0,1103.77751,925.3366200000002,10.19872,909.4925199999999,123.87435,54.18603,29.44614,79.64944999999999,0.0,0.0,0.0,13.57851,63.08967,87.89283,484.64678000000004,14.14124,143.79300999999998,71.70745,60.88522999999999,36.72139,74.34031999999999,15.380969999999998,35.79048,18.63233,101.14716999999999,27.46038,0.0
Australia,32200,0.0,0.0,0.0,2135.0,7336.0,10810.0,1932.0,16877.0,7428.0,9449.0,226.0,11893.0,11816.0,86.27400016699998,83.017000912,84.490000248,28161.0,176.18777,65.64535,2552.01718,2821.33497,619218.8740700001,777046.7841299999,681027.97896,752897.77223,5.16652,460.52678,541.75281,383.28851999999995,530.58283,559.29313,4.52767,503.21068999999994,593.26523,557.58575,3.56518,627.17641,99.1634,244.86607999999998,96.90441,120.35708,15.36908,37.86604,194.78102,174.90548,72.78786,201.91959,896.6387299999999,9.976010000000002,115.31821,403.93724,95.95119000000003,93.33285000000001,178.85933000000003,53.77539000000001,54.81135,22.07497,70.52183000000001,1.44164,260.98476000000005
Austria,32200,0.0,0.0,0.0,679.0,2561.0,3622.0,511.0,4096.0,1798.0,2298.0,52.0,2939.0,2954.0,80.718000411,82.97099995699999,81.89899921599999,28161.0,138.45554,70.68385,0.0,0.0,268000.73758,281480.00567000004,315158.46063000005,274273.73761,6.964720000000001,924.84294,539.15119,452.48124000000007,690.2146299999999,911.7745300000001,37.59377,479.46617999999995,1394.7322900000001,1365.91171,13.446629999999999,1422.1415099999997,224.34061,301.62182,353.30451999999997,390.64766000000003,5.20669,0.0,388.17340999999993,138.52332,199.46321,331.22045,767.4207700000001,18.871550000000003,91.07669,266.07568,112.22309999999999,221.95254999999997,80.68169,53.217740000000006,56.05017000000001,103.62918,94.86289999999998,1.3587799999999999,45.00394000000001
Azerbaijan,32200,996.76170348,998.54594422,997.62628174,3552.0,6703.0,9514.0,4162.0,70311.0,29321.0,40990.0,645.0,43175.0,29241.0,98.27800131000001,81.44600009900002,89.698999881,30180.0,115.70180000000002,36.88806,5207.70549,1529.36886,47079.416280000005,17537.703540000002,44924.71342,13193.227640000001,14.994530000000001,318.93136000000004,333.21957,305.78646000000003,326.63401999999996,314.90641999999997,13.15321,337.54345,189.25557,189.20172,1.99894,189.30241999999998,196.17050999999998,0.0,0.0,174.20203,0.0,142.55975999999998,1225.5685600000002,25.175600000000003,164.87599999999998,205.76519,785.50981,7.829229999999999,139.02164000000002,228.21219000000002,227.88871,115.2943,69.26036,26.653350000000003,63.81755000000001,56.46615,56.83154,8.72499,0.0
Bahrain,32200,372.94820404,388.22785186,382.91216278,234.0,522.0,1002.0,311.0,2118.0,1008.0,1110.0,44.0,967.0,1885.0,54.14999961700001,4.7599999539999995,15.127000034,30180.0,72.16956,20.53174,342.7257,170.55864,12306.06412,5831.660630000001,11931.785799999998,5937.8948,16.642129999999998,457.88754,640.4004699999999,320.33935,554.68138,431.52452999999997,4.55391,666.86507,1355.74119,1382.48138,14.55119,1331.57771,0.0,31.961910000000003,49.17597000000001,21.42945,13.66635,53.031169999999996,521.7105600000001,313.45492999999993,197.27162,121.09344000000002,545.9446800000001,0.0,50.568380000000005,320.78193000000005,39.373830000000005,67.69461,60.581419999999994,35.23962,18.159200000000002,18.30878,56.33036,32.961879999999994,0.0
Bangladesh,32200,614.1124839800001,675.9244346799999,644.78805161,171791.0,262181.0,249557.0,220855.0,1681033.0,764280.0,916753.0,101200.0,1227956.0,1396312.0,106.081001283,51.99600005099999,66.67800021099998,30180.0,134.23919,17.46372,0.0,0.0,67302.90888999999,21388.053150000003,75295.52505999999,27529.48428,7.765639999999999,163.44847,130.77366,195.10277000000002,37.78929,14.07848,3.3953199999999994,60.55883,810.4377400000001,856.53296,15.597809999999997,766.2516700000001,0.0,31.856379999999998,99.10864999999998,210.67282,0.0,0.0,637.7924399999999,1226.9708999999998,512.4690499999999,33.69813,266.30187,3.3604000000000003,93.86607,81.42334,3.64185,4.3031,5.2831399999999995,5.5174900000000004,23.87752,0.58799,78.13911,0.0,0.0
Barbados,32200,99.59999847,99.59999847,99.59999847,78.0,169.0,251.0,38.0,658.0,292.0,366.0,14.0,468.0,403.0,169.983999256,154.411999707,162.03499985500002,30180.0,157.64456,52.85622,13.96329,14.79318,2357.87982,2374.8783399999998,2388.6163300000003,2530.58148,6.17647,270.66295,372.24874000000005,169.59093000000001,616.5776900000001,571.0716199999999,11.51954,660.99187,1367.96894,1385.87475,13.33954,1350.81316,16.79287,61.87311,158.67973,110.03601,42.23048,0.0,0.42171,76.82994000000001,0.0,0.0,0.0,0.0,0.0,0.0,0.0,0.0,0.0,0.0,0.0,0.0,0.0,0.0,0.0
Belarus,32200,199.21916962,199.55767059,199.37361908,1344.0,4513.0,9878.0,1299.0,6313.0,2670.0,3643.0,72.0,3129.0,4138.0,73.732000113,120.49399947899997,97.35200023799999,28161.0,140.39369,60.690290000000005,4842.48484,1526.3057600000002,89712.45279,32981.14976,96244.31052,30335.303330000002,17.71329,1151.10123,1331.6710099999998,980.1310000000001,187.17794000000004,145.80683000000002,7.3000799999999995,226.25135000000003,1172.6731,1157.79487,10.73369,1186.74546,236.31679,0.0,35.66614,211.86437999999998,0.54187,13.42303,16.11553,5.11576,161.96047,151.87108,348.12892000000005,30.05737,25.87721,177.08709,56.2699,126.34341,31.026070000000004,12.91508,12.6126,17.61475,10.19653,0.0,0.0
Belgium,32200,0.0,0.0,0.0,970.0,2800.0,4760.0,878.0,6409.0,2737.0,3672.0,98.0,4327.0,5765.0,120.58999967600002,118.941999914,119.57699966300001,28161.0,120.14025000000001,64.00587,7324.52775,6395.09542,300940.71223,313350.7075,343107.22165,299569.26826,17.06187,974.28288,1096.9735500000002,855.72133,724.62778,759.40489,15.43095,691.22204,2229.78424,2372.11398,15.86366,2093.56806,159.87949,109.14197000000001,0.0,264.01436,0.0,5.62596,1142.7283200000002,812.0727100000001,627.4439399999999,202.7275,959.06193,27.149190000000004,127.06590999999997,242.26689000000002,135.14404,135.02881000000002,282.98474999999996,23.588450000000005,44.11022,18.203799999999998,126.24731,38.21056,347.89383
Belize,32200,0.0,0.0,0.0,207.0,540.0,861.0,183.0,1689.0,747.0,942.0,52.0,1078.0,960.0,197.125997534,86.60699987600002,127.78800010900001,30180.0,191.23512999999997,60.955690000000004,136.27961,91.4623,1516.19162,960.0435400000001,1513.12448,1015.5140500000001,20.819679999999998,330.65455,410.34792000000004,250.92105,64.79474,78.67715999999999,4.62767,51.0484,1190.5068500000002,1217.1583699999999,15.69656,1164.1286699999998,88.24101,193.41841,293.94744000000003,295.13884,0.0,0.0,300.0,793.73436,555.9583299999999,18.01059,77.92819,2.00118,2.88405,39.02295,16.18599,1.29488,4.29665,4.23779,12.47793,10.41789,3.11948,4.06121,0.0
Benin,32200,71.60843849,139.55345917,104.01332855,30066.0,32038.0,30264.0,64933.0,373039.0,166429.0,206610.0,21700.0,187930.0,132351.0,31.598999798999998,28.551999807,30.055000187,28161.0,260.30684,39.72287,6.02802,2.25041,10239.247280000001,4273.31456,11034.882870000001,4119.59656,4.87394,162.94,85.44301,227.71572,0.0,0.0,0.0,0.0,279.21903000000003,227.9073,3.4529300000000003,329.30708,59.707390000000004,72.43363000000001,26.99009,643.32444,44.05697,598.22395,0.0,80.83515,293.90259000000003,69.10749,319.78445,12.25003,42.782270000000004,194.18875,14.53539,25.8531,20.803610000000003,19.24702,24.007369999999998,9.48226,25.7421,11.10806,0.0
Bhutan,32200,140.96878815000002,206.07069396999998,174.69339753,1086.0,1536.0,1639.0,903.0,6510.0,2910.0,3600.0,423.0,4252.0,2373.0,60.067999363000006,35.565999864,45.912000178999996,28161.0,207.65554999999998,66.2581,29.56828,8.28632,3653.95764,1106.84407,3973.8307999999993,1113.64032,6.740179999999999,81.42855,67.0675,94.56043000000001,1.2475,0.93991,1.81717,1.5364999999999998,965.8210700000001,990.9564099999999,14.56717,941.6617000000001,0.0,65.02735000000001,227.32846,286.72875,0.0,0.0,0.0,135.79556,24.2716,0.0,0.0,0.0,0.0,0.0,0.0,0.0,0.0,0.0,0.0,0.0,0.0,0.0,0.0
Bolivia,32200,528.17547608,577.02618407,551.7512130800001,7606.0,17863.0,16410.0,10424.0,113855.0,49923.0,63932.0,6740.0,74063.0,42952.0,54.909999369999994,38.693999649000006,45.63400030099999,28161.0,0.0,0.0,0.0,0.0,0.0,0.0,0.0,0.0,0.0,0.0,0.0,0.0,0.0,0.0,0.0,0.0,1233.28886,1223.34653,13.78147,1242.83953,0.0,0.0,0.0,0.0,0.0,0.0,0.0,176.83283999999998,0.0,0.0,0.0,0.0,0.0,0.0,0.0,0.0,0.0,0.0,0.0,0.0,0.0,0.0,0.0
Botswana,32200,87.45121002,86.12213898,86.82318115,1850.0,3246.0,8379.0,3394.0,22468.0,9947.0,12521.0,1289.0,10763.0,13022.0,333.97100259,237.78600024999997,283.58100128,26149.0,72.80872000000001,29.162999999999997,161.55756000000002,67.80309,6321.69848,2907.24629,7205.09792,3023.86276,8.00956,266.72371,173.04364,135.4307,16.74019,14.07581,0.72524,19.40842,333.63,342.96923,4.23174,324.39453,0.0178,40.82341,120.04759,714.15308,0.0,0.0,1.59297,7.04529,350.36752,0.0,0.0,0.0,0.0,0.0,0.0,0.0,0.0,0.0,0.0,0.0,0.0,0.0,0.0
Brazil,32200,1190.51337434,1184.134552,1187.46102905,79081.0,300291.0,412317.0,57905.0,734013.0,314043.0,419970.0,25500.0,480921.0,378420.0,183.26799965299998,120.15900088,147.10699843199998,28161.0,190.57939,72.96261999999999,0.0,0.0,2033450.68554,1409784.84145,2106892.4679199997,1440216.1701500001,6.140499999999999,172.83665000000002,195.35074000000003,150.4946,132.07478,151.63448999999997,6.682460000000001,113.65215,485.11097,511.63217,5.565580000000001,459.70979,84.8328,230.33293999999998,239.20916,364.16596000000004,0.0,0.0,354.23778000000004,174.0858,873.9957499999999,172.41539,991.33196,25.22335,35.86624,410.5605,259.97693,99.82138,168.21622000000002,42.26021,30.333789999999997,29.67385,61.81492000000001,36.25264,0.0
Bulgaria,32200,97.98390198,98.74723053,98.35244751,1180.0,2771.0,4465.0,1071.0,8593.0,3708.0,4885.0,108.0,4861.0,6693.0,125.06600021800001,139.49899912,132.79500055100002,28161.0,117.59107,39.303940000000004,0.0,0.0,42843.70182,19293.07782,50705.73494,19773.99451,16.91127,843.2948299999999,944.9832799999997,747.6174700000001,19.869480000000003,19.865360000000003,12.77158,19.866889999999998,1328.6149899999998,1303.13812,13.486450000000001,1352.6760599999998,282.4461,210.00839,210.97908999999999,191.14543,0.0,163.82862,971.3895699999999,31.67676,247.23268000000002,269.16238,1030.7562999999998,23.151360000000004,89.17735999999998,446.67444,88.11641,199.82638000000006,92.26605,35.17896,34.157050000000005,89.32542000000001,202.04522,0.08132,0.0
Burundi,32200,159.02253723,199.01172257,177.97287749999998,36935.0,32707.0,31979.0,62323.0,308124.0,136136.0,171988.0,32200.0,150414.0,158199.0,18.68599993,33.621999738999996,25.846000193000002,30180.0,210.25108,67.94246,165.74739,62.778380000000006,4645.312800000001,1629.60275,5315.80743,2013.4121700000003,4.70259,44.3323,23.113619999999997,49.734539999999996,0.0,0.0,0.0,0.0,447.91956999999996,425.7396799999999,12.0609,470.23973,0.5428999999999999,81.97388000000001,198.96833999999998,1828.88506,85.20695,245.27269,0.0,120.0154,553.50032,76.51149,317.30833,7.16797,24.594160000000002,121.68224000000001,41.20104,17.51792,83.33977999999999,24.14041,34.85316,4.24635,35.0768,6.18019,0.0
Cambodia,32200,285.51109314,340.26672364,311.59083557,12481.0,22036.0,28006.0,23534.0,186468.0,80307.0,106161.0,11210.0,107642.0,87007.0,12.969999998,11.291000066000002,12.103000016,28164.0,68.36912000000001,13.99315,0.0,0.0,6144.34058,2059.6788500000002,6509.89542,2295.58039,7.23808,120.82464,98.26839999999999,143.00904,12.5337,8.67597,2.08114,16.288690000000003,127.64502999999999,115.24137000000002,2.47508,139.52041000000003,17.315,30.68016,0.0,20.63378,0.0,263.99055,217.82729999999998,3.20046,377.03644,49.890420000000006,237.11768,6.04158,36.642649999999996,117.46687,11.09133,14.785770000000001,8.75385,24.505989999999997,10.598659999999999,5.72969,51.39169,12.99191,0.0
Cameroon,32200,199.40783309,239.90568542,219.04148864,73643.0,89636.0,115550.0,155610.0,770950.0,341935.0,429015.0,62500.0,367479.0,265246.0,66.332000733,50.413000106,57.934000254,28161.0,232.83554,40.04551,3.6488199999999997,1.46291,25448.506129999998,11490.74158,27873.378560000005,11175.211290000001,11.00554,161.21381000000002,142.55738000000002,179.75399999999996,22.35084,26.464530000000003,11.111070000000002,18.26856,490.0388,445.85964,9.10477,533.7460599999999,33.9778,47.34053,187.19442,312.06423,71.02296,264.53672,94.98095,247.41890999999998,149.77316,64.99463,233.30537,1.59412,22.961779999999997,113.13281999999998,18.56362,14.8037,4.37493,7.5181700000000005,42.67276,0.08431,72.59379,1.7,0.0
Canada,32200,0.0,0.0,0.0,3635.0,12247.0,19595.0,2542.0,26790.0,12063.0,14727.0,541.0,20518.0,16502.0,99.09499979,114.971999645,107.49399995800002,28161.0,73.55533,29.69778,0.0,0.0,377777.08024000004,413666.85983999993,424243.37315,386292.03824,15.155809999999999,780.7440499999999,902.2944499999999,665.18299,0.0,0.0,0.0,0.0,1495.41301,1490.3186899999998,13.89928,1500.28246,0.0,17.52583,18.32883,371.81514000000004,0.79599,39.6368,0.0,93.66853,0.0,104.85829,382.28464999999994,8.392009999999999,52.25969,128.2478,34.50056,57.08152,70.79808,13.993020000000001,33.78375,14.59931,73.48722,12.857050000000001,521.14652
Chad,32200,27.88863945,70.24699211,48.31454086,59755.0,76111.0,71598.0,115338.0,685808.0,307806.0,378002.0,90800.0,320515.0,263874.0,21.266999958999996,30.235000016,26.187000036,30180.0,80.45356999999998,15.75803,189.79457000000002,79.64141000000001,3299.5422599999997,1700.43931,3339.85316,1401.46578,1.28443,16.36872,5.31847,27.339730000000003,2.95899,1.3544100000000001,0.59838,4.549239999999999,316.24854000000005,194.81017000000003,6.6774700000000005,436.5950700000001,8.14207,41.533609999999996,123.19196,819.37282,84.22512,19.20798,2.57092,174.18241,139.87221,0.0,0.0,0.0,0.0,0.0,0.0,0.0,0.0,0.0,0.0,0.0,0.0,0.0,0.0
Chile,32200,677.56253814,679.37821198,678.45176698,3517.0,9643.0,14097.0,2778.0,25719.0,11477.0,14242.0,586.0,18865.0,12718.0,146.873002522,109.63500118200001,124.317999846,28161.0,220.83431000000002,50.62567,0.0,0.0,175253.54399000003,112894.08148999998,191367.83995,121298.63792999998,15.002110000000002,999.8924999999998,1043.97023,957.1874599999999,0.0,0.0,0.0,0.0,1337.21653,1348.63028,14.246199999999998,1326.1932199999999,218.11439,191.43868000000003,199.30348,196.07218,50.15613,261.0575,0.0,818.98976,1066.8602300000002,257.88832,942.06232,28.849410000000002,50.71902999999999,276.30697,192.09637,195.33477,231.605,42.187940000000005,20.365609999999997,91.57317,70.91236,0.04936,0.0
China,32200,187.8705597,195.94599915,191.96537018,319381.0,558016.0,912675.0,331957.0,3187816.0,1369849.0,1817967.0,79000.0,1998939.0,2384878.0,62.377999784000004,79.610000133,72.01400041699999,30180.0,0.0,0.0,0.0,0.0,0.0,0.0,0.0,0.0,16.22658,503.89306000000005,536.2921699999999,474.98338,25.12316,21.92452,3.20627,27.96809,403.45376,404.61968,5.02532,402.40949,0.0,0.0,0.0,0.0,0.0,0.0,104.42632,146.37425999999996,99.52949000000001,0.0,0.0,0.0,0.0,0.0,0.0,0.0,0.0,0.0,0.0,0.0,0.0,0.0,0.0
Colombia,32200,1031.09149933,1027.90299987,1029.5535125699998,19199.0,64590.0,96860.0,14990.0,171047.0,73572.0,97475.0,8330.0,108487.0,92987.0,210.04600049000004,124.846001626,160.822999948,28161.0,218.03825,61.85493,4946.0654700000005,2203.4227499999997,338982.38972,177347.16017999998,364178.61546999996,162237.93395999997,15.421960000000002,619.16785,655.56886,583.99932,4.5503100000000005,7.251729999999999,22.38611,1.95005,1310.61404,1366.89747,15.23971,1256.5909000000001,38.97038,203.67576,197.22522999999998,267.74819,66.53859,233.04702000000003,2.7066500000000002,303.61187,662.7007700000001,161.47512999999998,538.26888,12.795959999999997,25.098529999999997,314.00307,65.84438,119.13028999999999,50.39011,31.517920000000004,10.826929999999999,24.04466,46.09214,0.25599,0.0
Croatia,32200,98.66590881,99.62970734,99.12535858,414.0,1311.0,2105.0,378.0,2838.0,1255.0,1583.0,46.0,2092.0,2057.0,204.77400113000002,177.653000826,190.109999661,28161.0,62.84765999999999,29.513019999999997,777.9068199999999,392.30153999999993,26740.333140000002,18090.23683,31471.25394,15871.0802,17.387829999999997,808.97896,926.31144,696.51752,0.0,0.0,0.0,0.0,1375.9919300000004,1404.9866999999997,14.586899999999996,1348.4006599999998,142.05047,41.48616,0.0,172.70891,0.0,40.80725999999999,0.0,24.795950000000005,91.10579000000001,248.84999000000002,851.15001,40.27814,107.13459,366.13734999999997,63.43622,157.70191,98.54701,39.49736,51.650710000000004,105.74735999999999,69.86935,0.0,0.47077
Cuba,32200,99.79988098,99.70606232,99.75253296,2231.0,4523.0,6429.0,1831.0,8614.0,3711.0,4903.0,629.0,5005.0,13306.0,38.48699975,32.921999813999996,35.062000276,30180.0,0.0,71.50441,0.0,0.0,0.0,41189.183,0.0,54473.26993,17.91281,966.79156,1156.33288,706.13685,48.19504,71.69368,44.21371,26.06733,1434.49583,1444.4727899999998,15.20187,1425.07179,136.03606,257.90279,300.20763999999997,128.62358,0.61393,0.0,0.0,0.0,0.0,8.74986,50.11445,1.85874,1.52757,5.52913,4.65252,5.18823,26.34048,2.78729,0.77434,4.75479,5.45121,41.1357,0.0
Cyprus,32200,98.1162262,99.28614807,98.67842865,126.0,424.0,761.0,146.0,516.0,232.0,284.0,14.0,355.0,566.0,145.998999102,139.728000162,142.44899964599998,28161.0,194.74414000000002,77.12695000000001,0.0,0.0,20570.52744,18054.26786,23363.73725,16293.905270000001,15.252590000000001,723.33115,764.36491,683.44222,6.356260000000001,2.3683799999999997,1.1568100000000001,10.191089999999999,1364.4155600000001,1367.565,14.06757,1361.4621400000003,155.52927999999997,340.06126000000006,434.83623,475.61213,130.39700000000002,12.579460000000001,0.0,235.35612,923.33006,204.36389,1095.63611,6.26939,113.78561,506.16237,187.67367000000002,108.43601000000001,88.19443,54.00243,41.92544000000001,105.54905,88.00159000000001,0.0,0.0
Denmark,32200,0.0,0.0,0.0,432.0,1292.0,1857.0,368.0,3295.0,1403.0,1892.0,41.0,2806.0,2009.0,93.127999067,88.99199914999998,90.94400143600001,28161.0,163.35330000000002,87.5836,6214.993539999999,6449.3218,209927.15018000003,283446.78923,253840.12752000004,263410.8403,18.025989999999997,1104.32125,1294.42888,922.5533099999999,7.3909,4.02676,3.12604,10.615779999999999,1741.13753,1763.1808999999998,14.3496,1720.2999,197.44965,273.71112,332.81062,541.7321900000001,3.0809800000000003,5.78092,0.0,180.66631999999998,25.372499999999995,280.95819,1118.68439,24.06236,177.79505999999998,339.73923,102.448,162.77657000000002,304.56519,56.13371000000001,62.047909999999995,42.94008,127.13445,0.35741,278.27548
Djibouti,32200,0.0,0.0,0.0,1656.0,3405.0,4906.0,2810.0,18782.0,8420.0,10362.0,807.0,11384.0,10235.0,169.49400042999997,166.81799984,167.87299919,30180.0,130.11003000000002,44.43207,6.34408,0.0,679.76126,646.75641,673.2895599999999,0.0,5.043620000000001,22.81411,19.101979999999998,26.29017,4.28113,2.71792,3.4530900000000004,5.71073,561.7675200000001,530.4875499999999,12.25291,590.39257,0.0,92.63089,31.06575,193.01456,0.0,0.0,0.0,168.32930000000002,0.0,46.46782,53.53218,0.0,30.76923,17.26845,0.0,18.68132,0.0,7.37834,20.40816,5.49451,0.0,0.0,0.0
Ecuador,32200,1008.6780776800001,1035.05926511,1021.3952179,10118.0,20231.0,29593.0,8460.0,72676.0,30902.0,41774.0,3160.0,43268.0,52577.0,74.686000584,50.553999424,60.123999357,28161.0,85.78789,33.484140000000004,0.0,0.0,53880.90858,28755.68278,58703.90684000001,31396.08062,3.5175300000000003,163.80638,135.37378999999999,111.97712,0.0,0.0,0.0,0.0,1187.48914,1209.89894,13.470889999999999,1165.9625,239.85189000000003,95.49949,44.82298999999999,139.20148999999998,0.0,0.0,0.0,393.1005,158.62832,72.16322,416.13676999999996,15.576080000000001,12.291249999999998,185.50578,104.31230000000002,41.77204,56.161460000000005,23.02688,7.3643,12.17518,30.11474,11.70001,0.0
Eritrea,32200,123.74726105,159.44564818999999,141.23348999,5218.0,10495.0,15624.0,6707.0,60576.0,25218.0,35358.0,8280.0,34105.0,33363.0,81.57900047400001,86.86799907700001,84.405999659,28161.0,5.16807,2.127,0.0,0.0,96.62223,25.76137,0.0,0.0,2.5625099999999996,16.60201,11.16474,21.98038,28.217989999999997,25.03071,7.06353,31.368979999999997,651.2230999999999,565.6447999999999,9.97484,735.2976799999999,0.0,0.0,0.0,0.0,0.0,0.0,30.181359999999998,70.03989,0.0,29.04854,70.95146,13.32039,2.52427,16.15534,16.38835,23.53398,17.35922,0.34951,5.16505,0.0,5.20388,0.0,0.0
Estonia,32200,99.90947723,99.85897827,99.88578796,172.0,569.0,1204.0,156.0,723.0,318.0,405.0,24.0,429.0,625.0,114.332998743,139.442001344,127.15100098199999,28161.0,159.46384999999998,61.39421,65.34663,39.392799999999994,20730.391980000004,13954.0444,23935.23173,14428.83688,19.20123,978.2433900000001,1209.4495200000001,760.5485699999999,388.10537,509.14659,26.972100000000005,274.05290999999994,1511.42362,1521.33273,14.185229999999999,1502.1068,82.08662,253.94441999999998,254.23026,264.41516,0.69056,12.543089999999998,102.72050000000002,45.40256,1099.97015,351.23386000000005,1048.7661399999997,29.13939,171.50329000000002,370.50392999999997,117.0324,197.33911,162.88193,75.11261,78.78216,85.31827,112.38693,0.0,128.8893
Ethiopia,32200,91.32222176,150.3127365,120.58749771000001,257762.0,354272.0,309105.0,446107.0,2421787.0,1026782.0,1395005.0,243000.0,1723469.0,1474874.0,47.061000346,26.137999891999996,35.792999744999996,22110.0,265.17051,50.159980000000004,0.0,0.0,44309.05077,15432.07415,53288.12718999999,20339.56957,2.8868300000000002,43.5059,26.12933,60.76492999999999,0.0,0.0,0.0,0.0,296.99072,260.40069,7.00569,332.98556,10.31485,48.008070000000004,104.34024,1505.59682,18.7214,92.64264,0.0,32.27933,18.46939,26.51753,173.39795,11.22232,4.74646,70.60562999999999,63.809839999999994,12.884640000000001,15.52169,5.05353,8.57935,0.0,7.49203,0.08451,0.0
Fiji,32200,99.08583069,99.07843781,99.08210754,674.0,1047.0,1532.0,618.0,5814.0,2576.0,3238.0,96.0,2906.0,2747.0,81.47200012200001,59.709999796999995,66.879000188,20102.0,127.03834,33.38554,0.0,0.0,2222.76632,1126.328,3005.98016,1365.6375199999998,1.16233,16.13669,17.6047,14.74693,75.32044,88.37387,4.22945,62.851470000000006,535.39399,559.71592,6.5534300000000005,512.4875,0.0,28.13721,5.69328,0.0,0.0,0.0,1.56782,7.86518,0.0,0.0,0.0,0.0,0.0,0.0,0.0,0.0,0.0,0.0,0.0,0.0,0.0,0.0,0.0
Finland,32200,0.0,0.0,0.0,456.0,1760.0,3042.0,398.0,2028.0,896.0,1132.0,32.0,1387.0,1782.0,121.14800024,130.009999275,125.74399995899999,28161.0,158.67262000000002,84.49813999999999,0.0,0.0,183611.42958,213092.27571000002,210251.62498999998,205095.24112,16.44488,1278.8174500000002,1404.4758899999995,1158.6512100000002,222.97601999999998,249.44124,7.54918,197.69628,1775.04848,1839.4036700000004,14.972920000000002,1713.5167600000002,221.02245,253.93156,375.49298000000005,441.36524,0.0,0.0,110.44741,148.28825,366.75699000000003,285.72593,713.45042,21.00318,127.79065,177.37156000000002,64.88588,195.05437999999998,200.34404999999998,45.81533999999999,44.85619,49.73637000000001,72.31880000000001,0.82365,559.20367
France,32200,0.0,0.0,0.0,5507.0,16187.0,26494.0,4735.0,41695.0,18221.0,23474.0,894.0,27496.0,50963.0,144.831999304,142.042999261,143.329000481,28161.0,9.67858,5.4516,0.0,0.0,163400.4838,141477.13591,163400.4838,141477.13591,16.82796,816.67011,909.7853899999999,726.4607299999999,30.94227,42.44468,29.87261,19.95431,1474.3251699999998,1479.4048,14.09511,1469.48512,18.54804,17.81912,25.93838,30.9594,0.0,0.0,533.84306,359.2673900000001,274.7249,258.56128,736.9706,14.59158,97.65132000000001,338.92976,26.742739999999998,156.44142000000002,150.8295,35.18282,66.93706,30.65551,77.57015000000001,4.46812,187.02047
Gabon,32200,163.30294037,170.72564698,166.95095824999999,4541.0,4504.0,4629.0,4347.0,32818.0,14308.0,18510.0,2180.0,20242.0,13411.0,439.74299812,226.49000072,312.26599694,10060.0,59.617,14.775329999999999,13.215319999999998,6.36726,3942.68823,2522.38066,3884.77447,1871.71992,0.0,0.0,0.0,0.0,0.0,0.0,0.0,0.0,0.0,0.0,0.0,0.0,4.62655,4.71526,0.0,0.0,0.0,0.0,0.0,0.0,0.0,0.0,0.0,0.0,0.0,0.0,0.0,0.0,0.0,0.0,0.0,0.0,0.0,0.0,0.0
Georgia,32200,198.80932617,199.10573578,198.95044708,966.0,2052.0,3682.0,904.0,10166.0,4223.0,5943.0,235.0,7639.0,7073.0,234.99699878000004,290.80100440999996,265.5559988,30180.0,106.04739,29.498369999999994,1812.75166,581.18695,10508.92266,3834.7023200000003,12006.764809999999,3849.49316,17.63388,662.8512399999998,725.1675899999999,604.46044,187.35279999999997,257.9319,18.256449999999997,123.06888000000002,1195.56798,1014.46286,10.290099999999997,986.61132,15.24845,32.08088,13.6017,64.05292,0.0,0.0,384.00494,97.23400000000001,415.03872,165.77245,634.16339,18.5512,147.59921000000003,262.06842,22.11614,75.49274000000001,79.60201,28.60412,61.67558,36.53445,67.692,0.06416,0.0
Germany,32200,0.0,0.0,0.0,5506.0,16916.0,25278.0,4666.0,36728.0,16199.0,20529.0,513.0,25267.0,26625.0,91.14200067499999,99.523000247,95.666000607,28161.0,126.87978000000001,57.2124,40836.206459999994,34163.52749,2004856.56624,2020692.91406,2291841.74732,1917352.4025899996,5.91466,404.8075,402.07597000000004,407.41866000000005,177.83820999999998,208.79786999999996,8.419229999999999,148.82084,1418.1106399999999,1384.62773,13.370160000000002,1449.78998,98.63276,203.8328,273.08202,214.78091,0.0,0.0,155.07834,123.39462999999998,55.0412,143.64272,255.60023999999999,7.4246,46.56618,91.40585,42.162679999999995,87.38902,29.15652,18.65259,37.60109,10.01507,28.86934,0.7570399999999999,116.89207000000002
Ghana,32200,139.76908111,161.87348938,150.53671264000002,49968.0,70239.0,67257.0,77588.0,527281.0,228629.0,298652.0,35500.0,343031.0,306181.0,86.232000352,81.711000443,83.859999657,30180.0,332.09828,76.58194999999999,2515.02177,1019.8161799999999,71749.58656000001,29209.451340000003,77895.1892,32346.698680000005,9.021849999999999,167.94029999999995,134.08409,200.36734,0.0,0.0,0.0,0.0,818.7614300000001,787.2696000000001,12.871630000000001,848.89858,43.715090000000004,113.57472999999999,234.38657,1346.7083,49.74550000000001,0.0,0.0,219.30413999999996,191.78791,72.63998000000001,423.83114,13.77064,54.99337,142.30818000000002,144.75802,35.95071,35.79888,9.19094,27.49832,4.50549,27.696559999999998,3.52887,0.0
Greece,32200,468.32170104,484.46305847,476.18566131,914.0,2764.0,5122.0,814.0,5390.0,2402.0,2988.0,38.0,3464.0,4689.0,344.46500111000006,224.36300087399997,275.675999651,26152.0,8.70021,3.96396,0.0,0.0,11139.84114,9822.01221,15222.24553,9906.16028,11.53986,1239.27587,1268.61539,1212.03738,173.218,191.17782,8.475650000000002,156.1206,1236.4380600000002,1205.01869,11.416850000000002,1266.49914,51.70348,58.73136000000001,86.10278,36.386570000000006,41.29302,9.27689,287.67134,56.29540999999999,0.0,307.73969999999997,791.4139399999999,41.83277,139.82791,207.79900999999998,97.08462000000002,175.62772,126.54601000000001,45.366119999999995,86.74587999999999,46.70060999999999,131.62302,0.8463600000000001,57.556239999999995
Grenada,32200,98.59999847,98.58000183,98.59999847,48.0,81.0,105.0,47.0,377.0,169.0,208.0,8.0,266.0,278.0,0.0,0.0,0.0,22132.0,14.04117,3.1738,12.28586,7.69146,57.06803,35.72697,57.06803,35.72697,6.00394,461.32254,512.30051,411.71416000000005,110.91803,115.01404,5.95186,107.07909,1265.15522,1264.55528,10.9993,1265.8003899999999,5.87737,8.18567,10.9042,5.20455,0.0,0.0,700.0,561.32212,500.0,41.90484,244.85861,18.27574,13.81001,19.12907,2.0505199999999997,12.898299999999999,158.67131999999998,9.55595,19.45059,17.37661,15.545359999999999,13.23656,0.0
Guatemala,32200,220.92628478,254.32556915,236.58943175999997,13091.0,34654.0,43638.0,12149.0,165209.0,71541.0,93668.0,6360.0,94753.0,95536.0,56.117000340999994,39.924999832,45.41899943399999,30180.0,286.78146,39.04208,2623.02576,1403.84267,44423.73075000002,21187.70899,45920.31201,24576.538370000002,4.31943,76.87501,80.29063,73.51116999999999,0.0,0.0,0.0,0.0,751.5148000000002,729.4845500000001,14.15325,772.9068,139.48567,139.93151,72.77741,134.18388,62.716730000000005,40.81842,0.0,987.2732500000001,335.97991,37.57318,255.79261000000002,8.852540000000001,2.77034,63.85916,98.83758,27.50335,42.902100000000004,3.28842,6.7814,5.2423399999999996,33.32853,6.63421,0.0
Guinea,32200,34.1541996,80.42988205,57.311580660000004,32217.0,57285.0,57763.0,74008.0,445405.0,199929.0,245476.0,39600.0,211023.0,170044.0,54.526000024,88.58400011099998,70.12699985500001,28161.0,158.10424,27.062060000000006,20.14899,7.13002,5530.106430000001,2178.7008499999997,6052.02141,2175.2331000000004,3.21885,90.78686,46.017149999999994,137.42019000000002,0.0,0.0,0.0,0.0,209.97749,125.77721000000001,2.86234,218.15176,0.0,48.139630000000004,26.864109999999997,806.53694,15.22741,218.65175,0.0,104.74357999999998,154.16024000000002,0.0,0.0,0.0,0.0,0.0,0.0,0.0,0.0,0.0,0.0,0.0,0.0,0.0,0.0
Guyana,32200,172.28659057,168.75093841,170.63374328999998,689.0,1437.0,2181.0,498.0,6982.0,2954.0,4028.0,392.0,5193.0,3780.0,237.91700078000002,154.046998976,184.66699982000003,26148.0,171.70558999999997,59.54479,219.63234000000003,112.05268,3191.7068,1534.71821,3342.6995899999997,1771.7589600000001,12.038840000000002,93.85690999999998,125.86603,61.70513999999999,22.774279999999997,27.21134,8.91773,18.41969,629.4046400000001,635.35119,7.12803,623.57749,55.19043,38.28763,50.96383,114.43926,0.0,138.78487,2.79395,29.91832,0.0,117.54717,680.04573,20.9809,19.72463,153.06823,278.39982999999995,60.05584,86.9824,36.43708,21.05425,4.35447,116.53531999999998,2.40709,0.0
Haiti,32200,102.89997101,118.63269806,110.37636948,36814.0,43402.0,53641.0,49297.0,237522.0,104684.0,132838.0,17300.0,114885.0,90293.0,278.31900023000003,194.17200183000003,233.96399975,10080.0,69.4669,14.10126,0.0,0.0,2671.17641,1230.84704,2696.05313,1170.54174,0.0,0.0,0.0,0.0,0.0,0.0,0.0,0.0,0.0,0.0,0.0,0.0,0.0,0.0,0.0,0.0,0.0,0.0,0.0,0.0,0.0,0.0,0.0,0.0,0.0,0.0,0.0,0.0,0.0,0.0,0.0,0.0,0.0,0.0,0.0
Honduras,32200,774.56438446,776.74550629,775.58470152,7869.0,13019.0,17441.0,7421.0,58838.0,25371.0,33467.0,1940.0,37692.0,31320.0,99.493999719,60.956000089999996,74.738999845,28171.0,93.11661000000001,25.44548,0.0,0.0,11164.724999999999,5290.68941,12317.97179,5434.19112,11.380540000000002,187.79831,217.02809,159.45098,0.0,0.0,0.0,0.0,705.43747,772.7846999999999,14.47598,640.41178,31.692500000000003,41.21731,20.34188,231.54395999999997,0.0,77.50519,0.0,293.30921,348.17597,86.82372,513.1114,17.54264,11.25737,170.57721,214.39794,61.90596,57.53426999999999,17.92036,6.99739,10.67151,31.13043,0.06488,0.0
Hungary,32200,99.09999847,99.16000366,99.09999847,1090.0,2803.0,4117.0,786.0,6600.0,2951.0,3649.0,156.0,4301.0,5048.0,118.827000141,116.7620008,117.69199990400001,28161.0,126.31195,61.873169999999995,8530.3042,4176.453949999999,139591.93151000002,82089.34341,159680.59143,78179.93642999999,17.513530000000003,824.5805899999998,949.61045,705.01278,363.34896,379.42589999999996,14.934669999999999,348.06927999999994,1394.8168600000001,1390.22154,13.90743,1399.1968800000002,256.00815,268.33259,276.82482,317.96121999999997,1.54426,11.09411,439.50953,205.84916,212.57225000000003,242.45161000000004,1052.5773299999998,33.3977,125.99258999999999,387.92061000000007,189.98586999999998,156.39123,110.04903000000003,44.218630000000005,41.84173,83.18358,122.04793,4.971080000000001,18.77264
Iceland,32200,0.0,0.0,0.0,26.0,107.0,137.0,22.0,131.0,59.0,72.0,0.0,83.0,136.0,62.929000138999996,70.855999946,67.125999453,28161.0,216.40556,95.17009,769.67623,987.83184,13529.2942,16615.124470000002,15348.688530000003,19699.09274,20.289489999999997,1059.57849,1374.5926499999998,758.18513,164.59552,118.53813,9.00731,208.41619000000003,1579.8920899999998,1592.3372599999998,14.221969999999999,1567.99943,243.08465,313.67166,260.67784,332.98852,5.580489999999999,0.0,661.3054999999999,162.00042000000002,279.05373000000003,104.83897000000002,595.16103,4.69228,75.22159,175.3675,154.61695,51.45684,93.1474,21.222939999999998,32.159189999999995,10.600370000000002,81.51491,0.0,656.39327
India,32200,175.89189148,236.43583679,206.4300232,1381176.0,2079726.0,2764283.0,1738528.0,15946986.0,7683332.0,8263654.0,693000.0,11442728.0,7600988.0,87.71400022399999,88.069000243,88.00200033100002,30180.0,87.53426,24.49589,0.0,0.0,1160621.2002,337406.49199,1168169.43027,346569.14149,11.59338,318.13808,267.49153,289.08911,11.62946,13.21954,22.652279999999998,10.24562,997.9851799999999,979.2830100000001,14.39885,1014.7554300000002,63.02058,43.31018,109.53787,430.51837000000006,4.66962,13.9717,391.20337,301.86482,398.06201,219.89591000000001,480.10139000000004,5.02394,42.022479999999995,129.68372,59.4813,78.46703000000001,24.9143,41.05470000000001,100.37416,1.9336900000000004,217.04194999999999,0.0027,0.0
Indonesia,32200,731.99989319,770.1831283700001,750.9378662199999,167883.0,368008.0,358669.0,275767.0,1952516.0,848056.0,1104460.0,141000.0,1204966.0,852718.0,94.63400054100002,83.44299984000001,87.524000169,28161.0,171.60578,31.98395,74332.14854,26084.9512,689417.03371,226981.38846999998,671436.97316,235623.49568,13.201950000000002,380.17023,369.95052999999996,356.3715000000001,0.0,0.0,0.0,0.0,1085.97746,1089.2454699999998,14.074299999999997,1082.88845,14.82975,95.27029999999999,78.79921999999999,168.80789,65.97264,185.17424,0.0,597.1619900000001,688.36761,73.89444,326.10556,14.621780000000001,20.42972,66.04071,109.88063000000001,27.165940000000003,67.41036,34.92127,11.807220000000001,0.0,47.72237,0.0,0.0
Iraq,32200,363.70000458,438.50000001,400.99999237,62543.0,92952.0,111232.0,63336.0,411017.0,179606.0,231411.0,12150.0,288873.0,215111.0,280.881999496,140.666998853,160.736000063,6024.0,0.0,0.0,0.0,0.0,0.0,0.0,0.0,0.0,0.59544,16.15742,11.98538,20.12872,0.0,0.0,0.0,0.0,53.91692,46.00391,0.74935,61.39152,0.0,0.0,0.0,0.0,0.0,0.0,0.0,0.0,0.0,0.0,0.0,0.0,0.0,0.0,0.0,0.0,0.0,0.0,0.0,0.0,0.0,0.0,0.0
Ireland,32200,0.0,0.0,0.0,418.0,1384.0,2323.0,390.0,3525.0,1560.0,1965.0,55.0,2522.0,3595.0,126.297000888,159.978000154,144.866999629,28161.0,167.88012999999998,64.22206,0.0,0.0,146052.77697,161857.18738,170309.92288,152204.21518,15.58916,940.62179,996.24387,886.2106000000001,710.9185400000001,624.8495099999999,11.250770000000001,795.1243,1538.9648000000002,1581.13339,13.7056,1498.8624499999999,24.115499999999997,204.0451,288.23266,331.44825000000003,0.0,5.978630000000001,5.691609999999999,7.813640000000001,65.3119,162.1053,512.46612,9.333549999999999,94.30749,157.34191,56.6098,79.18853999999999,109.23848000000001,33.91424,49.002520000000004,34.06517,51.5697,25.42859,533.27815
Israel,32200,0.0,0.0,0.0,1062.0,2340.0,3231.0,1084.0,8304.0,3752.0,4552.0,81.0,5377.0,6835.0,109.861000533,108.532000067,109.14199924899998,28161.0,184.13057999999998,74.34904999999999,7853.883839999999,8171.371480000001,182778.51464,185405.45615,207031.45520000003,215400.55331,17.524549999999998,892.1553099999999,1024.26897,765.7141899999999,140.76191000000003,122.33988,9.337340000000001,158.37561,1458.3896100000002,1468.57123,14.19334,1448.74403,152.08397,272.7616,224.33653,264.98844,39.01717,108.66731000000001,1051.9578999999999,104.39371000000001,1189.8838899999998,0.0,0.0,0.0,0.0,0.0,0.0,0.0,0.0,0.0,0.0,0.0,0.0,0.0,0.0
Italy,32200,197.55148315999998,198.49445343,198.00404358,4226.0,11443.0,17334.0,3390.0,25576.0,11357.0,14219.0,146.0,18189.0,19302.0,173.555998803,137.41100072999998,152.39199972699998,28161.0,110.97793,54.42558,29440.3053,22832.89,1159350.03731,1135608.8833,1379659.1665599998,1070016.2810399998,17.95147,897.6940599999998,1050.2550999999999,753.36822,46.489509999999996,50.35386,11.85969,42.83202999999998,1421.8293300000003,1415.96796,13.88861,1427.3438,214.01421000000002,282.17665000000005,262.72643,310.68971,54.03605,60.8833,729.10638,92.32647999999999,129.20141,246.76311,813.6141599999999,21.95162,170.49783000000002,206.28327000000004,82.24868999999998,162.46241,163.39523999999997,14.02813,70.27256,21.207559999999997,148.03,39.6227,354.5703199999999
Jamaica,32200,92.69999695,83.44000244,88.09999847,1332.0,3259.0,4672.0,1079.0,10884.0,4650.0,6234.0,511.0,9124.0,11263.0,246.79199888000002,133.198001859,184.40499973199996,30180.0,257.47724999999997,80.12920000000001,4.70907,2.48087,19223.418270000002,10894.95211,21167.674320000002,11151.748150000001,10.78257,220.91619999999998,253.12551000000002,116.30705,1005.45784,1181.57074,18.53544,837.5733399999999,1131.92513,1165.1208600000002,13.767990000000001,1100.2590599999999,63.99586000000001,287.14477,338.26335,379.00507999999996,0.0,0.0,1.5563399999999998,42.451409999999996,247.70277,0.0,0.0,0.0,0.0,0.0,0.0,0.0,0.0,0.0,0.0,0.0,0.0,0.0,0.0
Japan,32200,0.0,0.0,0.0,7867.0,21348.0,39853.0,7592.0,35819.0,16403.0,19416.0,801.0,16920.0,30258.0,55.36599969699999,62.267999888,59.350999832,28161.0,102.03547,37.94647,86955.09289999999,84325.24818000001,1717088.5121999998,1955656.75562,1842663.2821,1786934.30599,0.0,0.0,0.0,0.0,0.0,0.0,0.0,0.0,0.0,0.0,0.0,0.0,62.49527000000001,0.0,0.0,0.0,0.0,0.0,910.20253,273.58719,1106.09215,0.0,0.0,0.0,0.0,0.0,0.0,0.0,0.0,0.0,0.0,0.0,0.0,0.0,275.31543
Jordan,32200,554.25440979,581.2453765900001,567.90325164,4235.0,5868.0,6975.0,5148.0,50802.0,22409.0,28393.0,1410.0,35426.0,30751.0,373.07800102999994,184.76099968,217.35199833,30180.0,43.20429,12.905050000000001,0.0,0.0,12525.81594,5339.80141,12523.87865,5297.60624,13.335519999999999,448.73087000000004,475.75387,422.80412,0.0,0.0,0.0,0.0,904.04133,918.53398,12.381579999999998,890.07456,11.50219,126.60978,137.87444,36.0297,0.0,0.0,0.0,211.63824,298.86595,79.67178,213.9016,5.23629,38.88879,73.61634,44.908680000000004,35.99807,38.08363,6.08179,37.59193,1.22949,11.9384,6.42661,0.0
Kazakhstan,32200,299.16226958,299.44561005,299.29566955999996,6771.0,16823.0,31901.0,7200.0,83716.0,34958.0,48758.0,1009.0,53307.0,38339.0,106.34100055799999,78.01700067499999,91.826000212,30180.0,113.51651,24.505330000000004,7486.4169999999995,2784.5129100000004,83732.16671,31884.275550000002,88502.57359,32917.82418,13.33552,562.8734700000001,630.78514,496.31113000000005,886.91862,863.1136200000001,10.392949999999999,910.30971,1175.23781,1183.5014999999999,11.14988,1167.37109,60.32327,0.48188,78.57098,62.98945,5.07469,43.266890000000004,467.33238,56.31477,405.20377,99.16064,298.01550000000003,14.084150000000001,16.44442,88.35836,101.38793,78.50908,42.10311,12.06952,8.58204,27.42138,8.216190000000001,2.8238499999999997,332.16286
Kenya,32200,219.05836487,246.84600831,232.4250412,80008.0,116786.0,154655.0,122398.0,838185.0,372196.0,465989.0,83100.0,524531.0,458326.0,46.80500030500001,41.294000387000004,43.947000024999994,28161.0,219.33213999999998,62.73657000000001,943.73394,384.00057999999996,73324.10379000001,29198.39719,85850.41447999999,34007.6278,3.43394,39.04761,32.27205,45.84707,33.32163,30.94097,5.501760000000001,35.70762,259.88858000000005,247.16237,4.53931,272.62899,2.80716,54.580259999999996,21.66303,76.42309,0.0,0.0,114.38978999999999,35.70024,59.55346,16.47824,82.02955,2.75113,8.25753,33.34714,23.90845,4.22033,5.97803,5.25655,7.00137,1.82028,5.96699,1.49221,0.0
Kiribati,32200,0.0,0.0,0.0,151.0,260.0,297.0,241.0,2114.0,918.0,1196.0,39.0,1135.0,715.0,0.0,0.0,0.0,8026.0,0.0,0.0,0.0,0.0,0.0,0.0,0.0,0.0,0.0,0.0,0.0,0.0,0.0,0.0,0.0,0.0,351.89395,378.07581999999996,4.62298,327.23644,0.0,0.0,0.0,0.0,0.0,0.0,0.0,0.0,0.0,0.0,0.0,0.0,0.0,0.0,0.0,0.0,0.0,0.0,0.0,0.0,0.0,0.0,0.0
Kosovo,32200,0.0,0.0,0.0,0.0,0.0,0.0,0.0,0.0,0.0,0.0,0.0,0.0,0.0,0.0,0.0,0.0,0.0,0.0,0.0,0.0,0.0,0.0,0.0,0.0,0.0,0.0,0.0,0.0,0.0,0.0,0.0,0.0,0.0,0.0,0.0,0.0,0.0,0.0,0.0,0.0,0.0,0.0,0.0,0.0,0.0,0.0,0.0,0.0,0.0,0.0,0.0,0.0,0.0,0.0,0.0,0.0,0.0,0.0,0.0,0.0
Kuwait,32200,931.30158998,956.2767867900001,947.46494293,736.0,1415.0,1915.0,770.0,7066.0,3153.0,3913.0,80.0,4490.0,5409.0,69.21900010200001,20.238000035,32.95200014,30180.0,27.22412,8.49832,425.06673,263.04815,15036.71175,5854.43718,10911.464220000002,6752.4467,9.123429999999999,328.49554,457.05547,218.72032,73.00942,86.92108999999999,7.508229999999999,59.314859999999996,1092.69959,1119.7075799999998,11.534700000000003,1067.4890500000001,79.25565,60.80054,81.55004,0.0,3.2635,0.0,3.63262,290.66026,144.71209,0.0,0.0,0.0,0.0,0.0,0.0,0.0,0.0,0.0,0.0,0.0,0.0,0.0,216.01063999999997
Latvia,32200,199.81432343,199.74947358,199.78520965,301.0,1009.0,1883.0,313.0,1839.0,824.0,1015.0,75.0,1161.0,1285.0,151.17199898500002,189.726000308,170.51299857899997,28161.0,169.73253000000005,63.59057,0.0,0.0,27717.283699999996,18146.081389999996,32030.11731,17524.00524,19.44068,1048.08664,1308.90428,800.0763499999999,99.27656,124.21193000000001,24.31402,75.70381,1501.6398299999998,1493.3432700000003,13.857799999999997,1509.48207,284.0419,325.73033000000004,314.28437,209.71220000000005,17.624589999999998,108.67043000000001,100.15591999999998,27.845149999999997,1310.71862,241.82117000000002,1157.6854700000001,17.379160000000002,103.98031000000003,526.76518,130.52111000000002,156.9839,159.39322,52.11493,32.72236,83.64784,135.99862000000002,0.49337999999999993,3.14405
Lebanon,32200,267.35984802,284.50554657,275.86607361,2039.0,4636.0,5434.0,1801.0,11578.0,5407.0,6171.0,314.0,7974.0,10674.0,163.779001228,92.182999609,109.352999687,30180.0,61.78109,19.63639,986.5917000000001,480.87814000000003,12819.47129,6401.213249999999,16638.065020000002,8109.61783,0.0,0.0,0.0,0.0,0.0,0.0,0.0,0.0,0.0,0.0,0.0,0.0,0.0,0.0,10.94275,142.48325,149.64656,0.0,0.0,886.4284600000001,863.7093600000002,159.70229,540.2076999999999,2.89428,91.43381,250.71446000000003,32.622150000000005,86.33134999999999,84.23470999999999,18.869560000000003,54.50138,8.97121,69.33707,0.09000999999999999,0.0
Lesotho,32200,169.89884948999998,133.26942444000002,152.43540192,2809.0,8262.0,15335.0,4097.0,63342.0,28148.0,35194.0,4600.0,35950.0,26910.0,490.9810008999999,348.50800133000007,414.34600069,28161.0,114.34461999999998,50.38295000000001,45.703320000000005,15.57104,2113.53029,920.0116899999999,2415.62943,823.00059,10.358830000000001,71.55447,85.11474,58.075810000000004,8.40486,8.17117,2.91372,8.6359,699.2600000000001,802.83667,17.45915,596.0346999999999,0.29783,89.57175,172.38614,1094.12333,0.0,0.0,0.0,10.36885,98.11277,39.58416,260.41584,11.931809999999999,17.91525,86.25822,90.90136,29.02911,30.84957,7.8943200000000004,2.66072,12.08494,10.474680000000001,0.0,0.0
Liechtenstein,32200,0.0,0.0,0.0,0.0,0.0,0.0,0.0,0.0,0.0,0.0,0.0,0.0,0.0,0.0,0.0,0.0,26148.0,0.0,8.57941,0.0,0.0,0.0,421.35945999999996,0.0,0.0,6.711580000000001,459.36488,312.69825000000003,602.24075,76.18605,54.41577,2.8044399999999996,97.14134999999999,1441.9521,1313.6455199999998,10.901550000000002,1569.8169699999999,37.310810000000004,68.29906,58.31572,19.38281,0.45575,0.0,0.0,49.132870000000004,1300.0,187.25004,612.7499600000001,0.0,6.2417300000000004,582.07275,0.0,180.55713000000003,24.435469999999995,6.69291,0.0,0.0,0.0,0.0,0.0
Lithuania,32200,99.83323669,99.79418945,99.81559753,542.0,1999.0,3396.0,406.0,2197.0,976.0,1221.0,42.0,1298.0,1545.0,131.599999424,168.34799910500004,149.817999841,28161.0,169.37286,61.052519999999994,0.0,0.0,42634.46954,24809.024330000004,49979.48409,24948.426570000003,18.496499999999997,1101.0165,1318.50033,892.1281499999999,506.37462,554.21986,16.67118,461.00768,1495.4675699999998,1476.24897,13.658019999999999,1513.69646,241.39623,232.18318,244.86338999999995,223.32562,4.792040000000001,48.12944999999999,5.5522,23.864459999999994,139.67690000000002,327.20516,1072.48398,28.657539999999997,105.55378999999999,461.84185,151.56649,246.89458999999997,164.79903000000002,35.9316,44.37895999999999,30.102030000000003,129.96325,0.31087000000000004,2.2003500000000003
Luxembourg,32200,0.0,0.0,0.0,25.0,109.0,157.0,22.0,218.0,94.0,124.0,0.0,140.0,308.0,95.48899936600002,75.452999592,84.242000103,26152.0,36.803470000000004,15.58609,0.0,0.0,8965.59145,9521.30314,9598.711609999998,9156.69318,8.72691,135.71843,142.89842000000002,128.93357999999998,59.248659999999994,26.110660000000003,3.7370600000000005,90.84296,1307.52675,1327.8047,13.402629999999998,1288.1839900000002,159.34915,160.07481,221.869,122.93095,3.0311199999999996,0.0,0.0,237.08964000000003,199.19232,118.9438,578.31749,2.50378,73.57681000000001,284.02195,95.54307,41.60347,46.6265,43.17521000000001,34.165130000000005,4.59324,71.45214,2.7386999999999997,505.97342000000003
Madagascar,32200,257.06309891,283.06838989,269.79378891000005,69423.0,92898.0,79693.0,116511.0,509041.0,225790.0,283251.0,42600.0,269354.0,204718.0,41.891999721000005,29.005000293,35.349999905,30180.0,219.92670999999999,31.026139999999998,723.42044,235.27388,10495.26106,3193.2629699999998,10679.44088,3473.2134700000006,12.76395,56.85945,54.338930000000005,59.38686,1.7578299999999998,1.3777,3.0999899999999996,2.13947,430.6306900000001,425.89414999999997,12.686490000000001,435.38888999999995,2.2217700000000002,51.30306,80.82685000000001,824.9537300000001,0.0,0.0,362.80808,486.67546,247.68722,236.37752,860.35777,17.29121,122.30854,490.9945399999999,17.44935,70.85226999999999,70.44538,51.62899,113.89629000000001,7.93022,133.9385,3.26471,0.0
Malawi,32200,161.58706664,217.83087921999999,188.598629,33539.0,54624.0,69480.0,70842.0,403730.0,178751.0,224979.0,33700.0,224757.0,167927.0,108.48600006099998,77.272000312,92.502999305,30180.0,133.14956999999998,37.05183,256.57906,79.04486,6186.78142,2259.83135,5965.40113,1837.77392,2.73434,3.04737,2.1873299999999998,3.9329400000000003,1.32264,0.91974,0.52994,1.73556,532.9125,497.95041000000003,13.08963,568.2542199999999,0.0,45.19653,130.40613000000002,2556.4346100000002,101.20677,496.38093000000003,24.35376,61.17949999999999,16.11187,0.0,0.0,0.0,0.0,0.0,0.0,0.0,0.0,0.0,0.0,0.0,0.0,0.0,0.0
Malaysia,32200,371.1760025,384.35291291,377.93552398,11888.0,27930.0,32326.0,9404.0,51821.0,22765.0,29056.0,1890.0,31493.0,35044.0,57.152999640000004,49.65100026,52.44199967299999,30180.0,263.96133,68.92206,15.93839,6.13307,466626.01882,195442.49818,463174.19553,178228.67913,18.42222,568.89569,643.46526,498.19379999999995,82.15338,62.26874000000001,3.6655100000000003,101.08555000000001,1215.3718900000003,1262.3304400000002,16.173430000000003,1170.9914199999998,54.67407,172.22120999999999,223.96817000000001,455.92924000000005,0.0,0.0,250.50476,103.46244,619.02725,352.36956000000004,540.78197,12.03044,57.43406,210.48533,96.86777000000001,236.68581,71.59907,66.77399,48.90975,37.38623,54.97909,6.84846,0.0
Maldives,32200,295.23622895,294.18495942,294.74297332000003,141.0,246.0,378.0,127.0,1165.0,502.0,663.0,60.0,780.0,796.0,83.041999578,72.41899967,75.962999583,30180.0,152.80188,51.446470000000005,0.0,0.0,2673.47147,1375.95259,3212.87466,1704.00748,6.0075400000000005,65.26576,105.77679,41.86078,0.0,0.0,0.0,0.0,166.60501,164.24951,1.9432399999999999,169.02681,112.34175,192.46910000000003,21.50854,31.87037,0.0,0.0,0.0,9.95998,81.37986000000001,5.11159,94.88841,0.0,9.10727,38.8049,36.60907,1.72786,7.19942,3.34773,0.036,1.97984,1.1879,0.0,0.0
Mali,32200,105.31450081,213.02905273,156.4376297,56735.0,55467.0,55146.0,124212.0,765102.0,341216.0,423886.0,59200.0,399501.0,244157.0,152.388000501,115.89600038,131.74500036,28161.0,191.87843999999998,38.99001,0.0,0.0,11725.935319999999,4699.67026,12959.061870000001,4787.364859999999,3.3601300000000003,47.90547,28.143580000000004,67.23875000000001,5.16888,2.19598,1.98686,8.08763,487.86756,407.41819999999996,9.268559999999999,566.3369599999999,31.806530000000002,106.44671000000001,243.13288,1077.63184,22.83036,0.0,0.0,368.50336999999996,57.35993,0.0,0.0,0.0,0.0,0.0,0.0,0.0,0.0,0.0,0.0,0.0,0.0,0.0,0.0
Malta,32200,284.28301238,275.98919678,280.17363739999996,43.0,102.0,154.0,19.0,364.0,161.0,203.0,0.0,280.0,208.0,97.443000554,84.57500076299999,88.93400001799999,28161.0,167.01654999999997,67.82513,604.1492,396.01700999999997,9021.292730000001,6701.656239999999,9937.58865,6514.04352,17.752969999999998,581.83762,674.86436,494.43077000000005,226.7858,185.55528999999999,8.371590000000001,265.37548,1282.90487,1278.8807399999998,12.94876,1286.6993,223.27025,240.07248000000004,361.00515000000007,501.61894,17.18537,6.18,91.10231,425.02832,25.785019999999996,198.46634,899.0248200000001,5.409690000000001,158.82272999999998,343.26103,132.73864999999998,80.11798,149.6068,71.16225,47.18609,20.669559999999997,88.51640000000002,2.5088399999999997,0.0
Mauritania,32200,78.70281982,121.15293122,99.00136947,3310.0,13592.0,15798.0,9752.0,114262.0,49802.0,64460.0,13650.0,73014.0,50086.0,195.48799895999997,136.64500045699998,154.90100097700002,30180.0,64.29202,12.5808,296.13399999999996,88.35576,2252.5498,815.39743,2475.0785300000002,748.5038,5.849,63.99279,37.668310000000005,82.22511,1.06482,1.25937,1.4377,0.87596,389.83925000000005,374.77785000000006,12.81156,404.43927,0.0,64.84731000000001,134.39207,385.57949,0.0,0.0,0.0,314.01136999999994,8.184899999999999,50.41194,149.58806,1.9084,45.807900000000004,43.79052,19.843629999999997,12.271609999999999,1.38557,10.41777,27.722559999999998,1.4592699999999998,35.39278,0.0,0.0
Mauritius,32200,625.9726333699999,659.0607833800001,642.17147063,334.0,835.0,1300.0,261.0,2896.0,1259.0,1637.0,118.0,2110.0,2132.0,190.708000168,77.36100053700001,119.82400035799998,30180.0,250.48682,60.38331,833.1820600000001,397.04635,13079.48459,6574.601199999999,13741.539499999999,6547.553059999999,15.30763,433.0904,479.76592999999997,387.23091999999997,130.94164999999998,141.71255,5.9278200000000005,120.40090000000001,1393.36465,1418.68579,15.547170000000001,1368.7875400000003,28.11441,166.7591,317.86314000000004,160.26615000000004,0.0,0.0,121.24507,818.6806999999999,529.99701,23.31118,76.68882,1.4139,5.65559,49.18429,9.7281,8.37462,4.54381,10.40483,4.53172,1.00302,5.16012,0.0,0.0
Mexico,32200,1295.0643691900002,1329.8321914799997,1311.54808807,51797.0,132285.0,189385.0,41538.0,528600.0,230932.0,297668.0,12890.0,300685.0,245573.0,69.35700035199999,65.654000045,67.019000529,28161.0,244.06,64.23631999999999,51736.23081000001,24249.018630000002,1219305.80498,709640.42979,1378768.0335300001,646235.1664800001,13.809740000000001,425.90182,423.74207,428.14955,0.0,0.0,0.0,0.0,1292.98569,1336.1544500000002,14.951440000000002,1250.72792,88.53167,179.00879999999998,189.42376000000002,470.89669999999995,45.99898999999999,172.97561,0.0,194.38639999999998,453.55061000000006,320.68662000000006,876.0224400000001,22.48823,47.58489999999999,405.59192999999993,153.65265,228.61852,109.47067999999999,56.84524999999999,35.222840000000005,20.46866,116.76544000000001,3.290949999999999,0.0
Monaco,32200,0.0,0.0,0.0,0.0,14.0,15.0,0.0,15.0,0.0,15.0,0.0,15.0,15.0,0.0,0.0,0.0,24162.0,55.55941,11.227079999999999,0.0,328.10379,0.0,771.39686,0.0,626.7879899999999,0.0,0.0,0.0,0.0,0.0,0.0,0.0,0.0,0.0,0.0,0.0,0.0,12.124170000000001,25.95784,52.608650000000004,0.0,0.0,0.0,128.04276,316.40075999999993,285.6674,0.0,400.0,0.0,16.35132,339.70542,0.0,0.0,23.520359999999997,0.0,0.0,20.42293,0.0,0.0,0.0
Mongolia,32200,196.9855194,196.36071015,196.68012237,1809.0,3471.0,5948.0,1941.0,22114.0,9327.0,12787.0,551.0,11434.0,6759.0,87.753999947,98.89000082,93.80400061600001,28161.0,138.35848000000001,47.386129999999994,0.0,0.0,12920.9032,4622.43355,12809.135930000002,4155.13832,18.552150000000005,794.4165,947.7667100000001,643.65177,63.0018,64.77233999999999,9.97936,61.27996,369.31097,385.13262000000003,4.3573699999999995,353.70124999999996,207.70753,137.00802,15.40936,70.81752999999999,0.0,11.42465,159.83515,17.64796,534.93313,197.24115,797.9155000000001,25.653740000000003,86.42807,327.14616,141.45015,143.25664,88.63550000000001,21.81944,32.165079999999996,45.47939,83.12247000000002,4.8433600000000006,0.0
Montenegro,32200,195.77185822,198.88168335,197.28939057,75.0,209.0,339.0,80.0,592.0,266.0,326.0,8.0,427.0,489.0,318.17899893,291.75000287999995,303.3939981599999,26153.0,0.0,0.0,0.0,0.0,0.0,0.0,0.0,0.0,12.611089999999997,449.08396,515.39445,387.02965,0.0,0.0,0.0,0.0,1218.67371,1239.44294,13.43675,1199.50891,0.0,0.0,0.0,0.0,0.0,0.0,0.0,1.7537699999999998,98.52067,20.45364,79.54636,2.92479,9.29168,27.95464,3.91962,13.05213,3.66096,4.53641,2.8651,16.05651,15.73816,0.0,0.0
Morocco,32200,267.87093734,377.04177094,321.4911499,11619.0,37161.0,42461.0,19931.0,257185.0,111743.0,145442.0,8150.0,188399.0,169112.0,162.45700073,145.43499850899997,149.689000131,30180.0,34.76593,10.60279,453.09146,188.09188,20475.624499999998,9828.87255,20634.21915,8565.88425,13.94762,330.02286999999995,320.85216,339.11807000000005,29.92221,26.448589999999996,2.38408,33.236979999999996,719.5286499999999,672.84998,9.65287,764.36258,0.01582,156.70713,294.85687,82.09375,40.69457,63.825680000000006,52.73644,30.991980000000005,136.68235,202.29895000000005,473.15632999999997,5.92056,122.30673999999999,196.82646000000003,35.11483,64.06764,35.30869,68.08542000000001,70.1459,13.367479999999999,64.31155,124.54473,0.0
Mozambique,32200,129.8098793,210.71253967,167.2782402,83930.0,97178.0,152557.0,126069.0,992640.0,459797.0,532843.0,51300.0,487717.0,376373.0,50.01600003299999,53.486000061,51.55200028499999,28161.0,136.10662,36.56088,226.36275,81.36677,10750.5851,4900.256069999999,10991.45337,3950.90916,9.536059999999997,69.15092,56.890750000000004,81.70383,0.0,0.0,0.0,0.0,304.56861999999995,276.53943,9.74242,333.02752999999996,0.0,34.663759999999996,153.78171,480.2588,0.0,0.0,0.0,144.66140000000001,426.57274,85.98056,698.08758,31.19902,53.89306,232.42815999999996,240.32959000000002,52.53076,42.942609999999995,11.35213,22.09769,25.638939999999998,71.65619,115.93187,0.0
Myanmar,32200,71.84699249,80.01158905,75.55120087,61424.0,89055.0,117728.0,95125.0,692166.0,305402.0,386764.0,35000.0,406299.0,240966.0,19.241000056,13.45599997,15.830999969999999,28167.0,36.83228,6.730090000000001,957.0732,266.35341,16724.16185,4588.49389,16468.96871,4592.644130000001,4.98384,57.14708,65.26232,48.948170000000005,1.10664,1.07835,0.95009,1.135,526.32879,486.46284,9.28117,469.15119000000004,3.07341,14.97209,20.96503,27.82196,0.0,0.0,0.0,16.20742,0.0,33.6678,66.3322,0.60062,45.73972,11.75965,3.9354,7.9458,2.27318,2.15034,23.57166,1.95768,0.06595,0.0,0.0
Namibia,32200,257.73847198,254.58699799,256.28848267,4267.0,6806.0,10719.0,5875.0,34201.0,15323.0,18878.0,2160.0,19654.0,15539.0,353.66800116999997,309.52700043000004,330.7539977800001,24141.0,72.58811,20.99005,548.2601,243.20540000000003,3203.10119,1746.30958,3579.2827,1560.8286899999998,8.6471,107.67761999999999,131.01041,83.65678,77.46865,59.537200000000006,2.48543,80.08922000000001,193.33458000000002,204.54974,3.3743999999999996,181.84156000000002,0.0,63.38264000000001,33.8401,193.99065000000002,0.0,0.0,81.65526,14.47911,284.76739,62.92206999999999,435.70363,15.900730000000001,16.006990000000002,199.0644,126.81097,18.340040000000002,40.79415,20.47784,24.104180000000003,12.66646,24.4599,1.37429,0.0
Nauru,32200,0.0,0.0,0.0,15.0,15.0,16.0,15.0,141.0,58.0,83.0,0.0,106.0,69.0,0.0,0.0,0.0,16087.0,0.0,4.24615,0.0,0.0,2.07989,0.0,2.44633,0.0,0.0,0.0,0.0,0.0,34.98975,25.860500000000002,3.89384,44.03618,578.63883,580.90333,8.10895,576.36936,0.0,0.0,0.0,0.0,0.0,0.0,0.0,0.0,0.0,0.0,0.0,0.0,0.0,0.0,0.0,0.0,0.0,0.0,0.0,0.0,0.0,0.0,0.0
Nepal,32200,108.56201934,150.29972076,127.53568268000001,27602.0,48346.0,52268.0,41060.0,316800.0,141433.0,175367.0,23200.0,233607.0,202338.0,19.740000126,27.389999986,23.398999929000002,30180.0,265.66458000000006,56.424339999999994,0.0,0.0,32022.84132,9197.15461,33468.6024,10069.92297,9.45268,174.20311,130.81725,166.78293000000002,0.0,0.0,0.0,0.0,848.065,841.7231499999999,13.63695,854.4015800000001,12.531889999999999,101.24889999999999,87.58104999999999,236.84617999999998,89.46557,400.45089,0.0,0.0,535.5771100000001,0.0,0.0,0.0,0.0,0.0,0.0,0.0,0.0,0.0,0.0,0.0,0.0,0.0,0.0
Netherlands,32200,0.0,0.0,0.0,1463.0,3353.0,4712.0,1184.0,10098.0,4425.0,5673.0,172.0,7641.0,7822.0,89.434000015,74.367000342,81.19200062800002,28161.0,156.3536,68.85153,0.0,0.0,539669.7558399999,573600.21863,604957.2456899999,532024.1932099999,13.24542,849.00878,897.4582899999999,802.5141,1.02763,0.6250699999999999,0.7900400000000001,1.4129099999999999,1512.84544,1508.03884,11.918570000000003,1517.45458,82.5407,50.15234,67.73394,100.53241,2.06759,0.0,0.0,31.761960000000002,76.09100000000001,76.14334,418.25057000000004,6.893489999999999,43.99871,132.65432,55.8868,40.986529999999995,90.44587,15.670770000000001,19.48604,23.92814,64.44324999999999,5.6061,127.04426
Nicaragua,32200,160.69538879,160.53498078,160.61753082,4489.0,8575.0,12270.0,3483.0,38770.0,16547.0,22223.0,1970.0,26073.0,25309.0,96.93300056399998,86.566000939,90.50599932499999,20110.0,78.6414,21.084760000000003,72.39586,26.03492,6758.29542,2541.1151499999996,7164.56419,2576.51242,0.0,0.0,0.0,0.0,0.0,0.0,0.0,0.0,355.07634999999993,380.96326,5.76741,330.37288,6.80453,26.59697,13.91922,0.0,26.20668,0.0,0.0,122.23044000000002,0.0,0.0,0.0,0.0,0.0,0.0,0.0,0.0,0.0,0.0,0.0,0.0,0.0,0.0,0.0
Niger,32200,64.28542995000001,125.58011626999999,94.28281021000001,116771.0,69687.0,81448.0,179565.0,748731.0,334115.0,414616.0,69800.0,380433.0,288227.0,12.353000134999998,15.942000003,14.381999820000003,30180.0,231.92221,43.20311,2.76111,1.22858,8666.070039999999,3937.92107,8560.36797,3809.0015900000003,5.526419999999999,29.122239999999998,18.41491,40.0524,2.04219,1.5454700000000003,8.756780000000001,2.54366,197.53916999999998,161.48943,8.85246,232.69630000000004,267.55868,170.04502,428.26259,3165.2563299999997,71.34719000000001,0.0,0.0,162.09174,371.0861,65.12191,434.87808999999993,14.913979999999999,47.51501,180.00607,33.38095,22.40961,98.16170000000001,12.205919999999999,30.506390000000003,18.23112,42.669259999999994,0.0,0.0
Nigeria,32200,158.2977333,208.64162446,183.29201889,549567.0,507985.0,562414.0,1144389.0,8226733.0,3632701.0,4594032.0,843000.0,3831023.0,2439879.0,86.888000012,77.67499971199999,81.807999135,24126.0,0.0,0.0,0.0,0.0,0.0,0.0,0.0,0.0,2.13927,30.23749,25.09526,35.23292,0.0,0.0,0.0,0.0,503.47092,467.8966,10.378419999999998,537.91872,0.0,0.0,0.0,0.0,0.0,0.0,0.0,205.48589,12.31024,0.0,0.0,0.0,0.0,0.0,0.0,0.0,0.0,0.0,0.0,0.0,0.0,0.0,0.0
Norway,32200,0.0,0.0,0.0,439.0,1447.0,2295.0,361.0,2241.0,977.0,1264.0,28.0,1586.0,2490.0,51.53200054200001,60.535999776,56.284999608999996,28161.0,209.54717999999997,92.43863,9124.63944,10944.935309999999,275387.70447,392434.49241999997,282209.54961,338508.19963999995,18.875189999999996,1075.74901,1308.6598999999999,853.60081,196.6584,175.40980000000002,18.09096,217.14541999999997,1591.6875500000003,1574.0251200000002,13.70382,1608.4009099999998,184.74829000000003,257.68394,312.96071,514.6661,0.0,0.0,649.91422,86.44279,135.85739,199.94611,896.6126899999999,9.920020000000001,94.89841,172.07342,189.01749,117.91069,247.04455999999996,41.461079999999995,40.57433,52.241699999999994,131.41709,3.44119,266.69237
Oman,32200,613.5031509500001,662.51007844,644.70746613,992.0,2200.0,3797.0,1100.0,11072.0,4828.0,6244.0,173.0,6039.0,6728.0,177.921000956,44.647999883,63.60800004,30180.0,43.307629999999996,16.534419999999997,0.0,0.0,20497.36293,8471.553530000001,15993.05199,8466.49586,17.60575,417.25712,521.83549,309.17852000000005,6.221769999999999,0.0,0.0,11.2958,1289.2129499999999,1264.40968,12.53028,1313.95019,6.70014,100.10221999999999,163.73216,100.5455,0.07557,0.36634,0.0,93.61836,478.14898,324.59558,462.61177999999995,4.5641,77.67777000000001,222.20986,75.7922,182.10673,58.05489,110.7492,31.73968,7.08984,17.22309,12.792630000000003,0.0
Pakistan,32200,452.62315749,748.77309418,605.1624298,269638.0,406905.0,344444.0,364574.0,5445007.0,2377222.0,3067785.0,129800.0,3961286.0,3011316.0,42.940000222,32.532999724999996,34.763000518,30180.0,170.13179999999997,32.57424,6826.259250000001,2118.1912199999997,232824.98333999998,63857.24854000001,236826.08789000002,73646.31684999999,11.66894,101.52670000000002,96.31688000000001,106.43731999999999,4.741600000000001,4.44276,12.45775,5.020639999999999,537.9255,450.18044999999995,11.01901,570.1765599999999,0.0,25.034150000000004,40.84347,333.26577999999995,0.0,0.0,262.72841,480.87752,205.17907,0.0,0.0,0.0,0.0,0.0,0.0,0.0,0.0,0.0,0.0,0.0,0.0,0.0,0.0
Panama,32200,188.36698151000002,190.67634583,189.50592804000001,1875.0,4581.0,6430.0,1774.0,18443.0,7990.0,10453.0,728.0,12549.0,10601.0,69.694999456,42.756000162,53.053000686,26143.0,27.90955,6.6613,854.05456,424.86692000000005,3751.66808,1976.7709399999999,5276.28141,2624.79418,14.98818,485.11763999999994,594.6951700000001,379.04126,31.52747,37.89232,4.657,25.40098,868.9511699999998,896.7829200000001,12.788900000000002,842.08969,9.12176,18.16824,23.67543,38.24509,0.0,0.0,162.303,177.97090999999998,348.97864999999996,190.54357,809.45643,7.874489999999999,55.92111,301.19680000000005,261.26165000000003,122.37811,77.39791000000001,42.265179999999994,25.90025,54.52333,51.28112,0.0,0.0
Paraguay,32200,936.5275497399999,951.6189880500001,943.99266052,4723.0,9768.0,13784.0,2581.0,43758.0,19121.0,24637.0,2700.0,29015.0,27395.0,96.19399976700001,62.990999458,76.03599977500001,18084.0,99.27342,16.31561,10.44674,4.71192,10747.993849999999,4950.75958,11124.239909999998,5017.5027900000005,6.277240000000001,159.74118,184.74988,135.76212,0.65481,0.0,0.0,0.0,543.64421,558.73929,8.44375,529.19427,40.56393,45.59765,57.792899999999996,31.67839,10.832429999999999,40.77001,0.0,170.70955,320.44721,0.0,0.0,0.0,0.0,0.0,0.0,0.0,0.0,0.0,0.0,0.0,0.0,0.0,0.0
Peru,32200,797.08242797,865.1562194999999,830.6423874,15379.0,24814.0,38236.0,16371.0,129661.0,56681.0,72980.0,7910.0,79717.0,77865.0,60.50899958699999,54.75000024100001,57.38400077899999,30180.0,232.81141,48.86003,863.9536400000001,463.56326,157355.97522999998,83079.64270999999,161514.08967,86662.0542,4.230169999999999,208.84894000000003,215.16827999999998,202.55401,0.0,0.0,0.0,0.0,1427.7843400000002,1420.4147399999995,14.875539999999999,1435.456,136.80610000000001,147.47152000000003,178.11835,41.75968,148.02915,33.95292,0.0,368.33016999999995,249.56277,53.11065,146.50463,5.09104,5.67312,64.33868000000001,16.41189,38.20279,32.952290000000005,11.65965,3.24822,4.3889,17.64871,0.38472,0.0
Philippines,32200,290.85474396,289.14372254,290.00064849,70196.0,113598.0,164577.0,76970.0,836351.0,358802.0,477549.0,42500.0,508139.0,416519.0,55.633999585,49.091000081000004,51.637000322999995,28161.0,67.01106000000001,12.359639999999999,5085.04797,1955.6833199999999,54499.232619999995,18618.72202,59808.80636,23002.15964,12.011239999999999,309.20083,344.79887,274.99117,205.42354,207.29927999999998,9.333010000000002,203.5888,844.95984,886.0651700000001,10.995470000000001,806.0459599999999,5.432840000000001,25.081699999999998,25.57674,39.060249999999996,0.0,0.0,384.47848,181.53922,606.47598,28.73975,71.26025,3.28326,2.05318,28.77179,18.35479,15.30048,6.47163,11.9587,1.48056,7.07723,5.24836,0.0,0.0
Poland,32200,98.25198364,99.27516937,98.74273682,4485.0,15113.0,26044.0,3314.0,28187.0,12467.0,15720.0,152.0,19732.0,16448.0,142.35500074200002,127.27499818000001,134.055000064,28161.0,148.95781,64.09057,0.0,0.0,533402.3671200001,299709.01961,598042.28573,274921.90443,18.610490000000002,972.7880500000001,1170.9675,783.85222,205.65424,290.84746,31.445760000000007,124.17766,1430.2695999999999,1415.68824,13.735109999999995,1444.1854700000001,265.65548,322.84754,292.61322,286.10657,33.71121,35.217940000000006,766.5333800000001,96.05093,410.07307,164.71117,633.2466299999999,12.128589999999999,57.97677,206.69793,123.60528,110.12705000000001,94.52156,25.14716,29.436980000000002,54.93906,83.37745,2.0421899999999997,148.46221999999997
Portugal,32200,187.93328858,193.63920594,190.61463928,979.0,2383.0,3958.0,830.0,4360.0,1916.0,2444.0,106.0,2923.0,3732.0,171.21400118399998,151.39700032000002,160.865001672,28161.0,126.77343999999998,60.94368,4477.67573,2908.3870699999998,173646.15215999997,138595.58595,200658.00211,130333.49779999998,16.14143,881.6689899999999,955.1227099999999,809.87556,83.65547000000001,55.90568,6.85344,110.76276,1543.11575,1556.35233,14.289539999999999,1530.6048700000001,181.64805999999996,259.10585,373.60156,296.93278999999995,25.479279999999996,44.76871,262.6424,229.64309999999998,292.10285,360.62838000000005,939.2693399999999,22.33778,112.84689999999998,240.46811000000002,114.36198000000002,245.18444000000002,244.18129,36.87672,78.56720999999999,63.93651,141.13675,0.10228,582.43426
Qatar,32200,915.7815475499999,913.57749178,914.1052627599998,239.0,786.0,1468.0,273.0,2293.0,1030.0,1263.0,26.0,1398.0,2005.0,27.598999917,2.532999963,5.849999955,30180.0,125.89453,36.910289999999996,0.0,0.0,83949.41405,48410.92769999999,59598.58034000001,40367.17433,27.361769999999996,207.05754000000002,559.22158,93.41010999999999,6.66672,14.07396,29.64785,3.5047299999999995,299.30539999999996,293.29296,2.8849,305.59498,8.51152,10.21809,10.85565,0.0,0.0,0.0,523.3951999999999,619.7362199999999,367.12585000000007,230.56743999999998,668.5976399999998,0.0,148.97046,238.17287,53.96386999999999,156.03238000000002,85.00137000000001,41.51083,33.024240000000006,26.90059,115.58848,0.83493,0.0
Romania,32200,196.80497741,198.14229583999997,197.44878387,3903.0,9849.0,13471.0,3537.0,30842.0,13291.0,17551.0,695.0,16729.0,12835.0,84.711000682,108.495999337,98.05500054500001,28161.0,130.98717,44.91674000000001,20742.385560000002,8244.417130000002,160388.91268,77923.66163,195240.88072,77601.83889000001,17.214090000000002,752.7616999999998,855.7261099999998,655.98153,181.57287,255.07417,33.36165,112.84913999999999,1290.68572,1289.4592500000003,13.980500000000001,1291.8409000000001,145.71492,166.0486,195.34102,296.77313000000004,0.09626,18.73559,644.2755999999999,17.425,355.52267,253.78149999999997,841.0183600000003,26.382780000000004,102.17705000000001,373.57246999999995,28.68555,185.59213,120.56168000000001,15.95279,52.23655,33.08399,156.55486000000002,5.20013,6.08389
Rwanda,32200,261.74508286,297.28424835,278.20302581,29200.0,26036.0,33666.0,41949.0,214443.0,96963.0,117480.0,17350.0,115811.0,105175.0,16.380000053,16.821000159999997,16.597000001999998,30180.0,159.38057999999998,42.98633,288.61365,113.97658,6907.3907500000005,3020.76421,7271.61081,2872.65414,8.8352,90.67703999999999,67.18338999999999,83.61449,16.15653,9.04764,3.15873,23.40582,489.21379,500.09607,15.36503,478.26721000000003,23.875849999999996,64.40611000000001,276.76641,1376.6067700000003,0.0,0.0,141.56533,274.15268000000003,635.21508,42.98051,257.01949,12.32826,3.94504,105.88275999999999,70.49722,14.1036,34.68096,15.32746,13.54945,11.63015,18.05509,0.0,0.0
Senegal,32200,184.22586442,296.7914505,237.17740249,33257.0,48777.0,37473.0,56463.0,298931.0,130749.0,168182.0,26800.0,193810.0,165285.0,169.87000037200002,114.376001358,135.029999258,30180.0,286.356,62.899390000000004,1300.44822,552.70745,24164.52398,11165.04817,24579.5819,10446.64273,8.19424,140.77179999999998,101.25903,169.98860999999997,0.0,0.0,0.0,0.0,395.44555,330.72968,8.12498,358.13871,73.03208000000001,146.14638,200.30049,1911.4147700000003,0.0,0.0,0.0,87.47083,294.69669999999996,0.0,0.0,0.0,0.0,0.0,0.0,0.0,0.0,0.0,0.0,0.0,0.0,0.0,0.0
Serbia,32200,194.97738647,198.76434326,196.80391693,1275.0,3048.0,4841.0,979.0,8526.0,3642.0,4884.0,146.0,6077.0,6652.0,309.56999873,260.20699979,281.70299911,30180.0,104.74854,44.52295,630.3468499999999,239.57541999999998,45033.32827,20144.012189999998,48540.7433,18448.84103,18.638239999999996,828.0051500000001,946.93328,715.03701,9.62804,3.68612,2.67524,15.254319999999998,1394.9367800000002,1410.3220900000001,15.328770000000002,1380.3654700000002,9.51352,301.04038,106.23347000000001,346.85974,7.427059999999999,148.97171,0.0,7.17271,180.13248000000002,280.47695999999996,819.0813899999999,29.23055,109.48279000000001,297.14029999999997,100.06084999999997,186.06108000000006,105.60801,54.01960999999999,40.396280000000004,84.5392,93.01974000000001,0.44165,0.0
Singapore,32200,854.00334931,886.9928512399999,870.0999984700001,407.0,1089.0,1761.0,280.0,1626.0,717.0,909.0,63.0,795.0,1655.0,73.84199976899998,63.464000226,67.698000432,26147.0,227.64470999999998,26.81298,11686.67155,7429.94466,88166.53973,52790.814660000004,92167.37162,58596.53597,3.40585,257.62034,277.18931,239.71062,373.81361,368.82039,2.92365,378.47851,321.27791,319.80361000000005,2.9732000000000003,322.68537,0.0,65.7347,89.12685,190.62309999999997,0.0,0.0,78.24229,32.591789999999996,468.25251,102.90992,197.02349999999998,0.59253,22.404799999999998,99.95644,17.95898,61.16507,25.79973,25.24067,16.50419,8.62757,21.68344,0.06658,0.0
Slovenia,32200,99.59999847,99.69000244,99.69999695,146.0,525.0,943.0,126.0,743.0,333.0,410.0,21.0,514.0,892.0,117.095001222,100.50999951100002,108.145000462,28161.0,157.39991999999998,68.87477,28.018620000000006,17.96576,41285.234110000005,32313.399920000003,47519.13722999999,30469.605099999993,18.47832,1161.8778499999999,1392.1054800000002,945.44301,51.16637,69.75434,16.5531,33.635600000000004,1464.46906,1468.52967,14.064859999999998,1460.70241,297.84541,215.72868,209.22892,292.93318999999997,8.32665,0.4871,13.025179999999999,30.40649,177.09702,297.89649,1002.09865,34.85053,98.20805,411.84493,118.31781000000001,208.03084,117.71317999999997,36.23962,53.62602,97.32888000000001,123.83525,0.00486,34.38792
Somalia,32200,0.0,0.0,0.0,51972.0,83767.0,98467.0,129022.0,726789.0,332303.0,394486.0,66800.0,344952.0,243754.0,179.11000062,186.04399965,184.50499821,2007.0,0.0,0.0,0.0,0.0,0.0,0.0,0.0,0.0,0.0,0.0,0.0,0.0,0.0,0.0,0.0,0.0,5.93235,3.74024,0.46077,8.11734,0.0,0.0,0.0,0.0,0.0,0.0,0.0,0.0,0.0,0.0,0.0,0.0,0.0,0.0,0.0,0.0,0.0,0.0,0.0,0.0,0.0,0.0,0.0
Spain,32200,1264.40537262,1282.3568878299998,1273.1818542400001,3376.0,8152.0,12480.0,3048.0,21129.0,9328.0,11801.0,243.0,14146.0,17591.0,296.94300367,253.14000083500002,272.65800093300004,28161.0,133.4872,57.621939999999995,0.0,0.0,875903.0660299999,786724.0302899999,1000553.2960999997,712208.21278,16.52504,1105.2540400000003,1217.28576,998.8903,11.394739999999999,13.61394,5.87265,9.280999999999999,1694.3745800000002,1717.4414699999998,14.390559999999999,1672.6243200000001,94.7832,246.06644999999997,290.79285000000004,319.06591,23.74537,55.052490000000006,372.10140000000007,395.94399,223.60481,356.06239000000005,1034.12785,20.88318,124.05318999999999,280.44565,201.67905,228.99544999999998,213.57166,65.15477000000001,61.91214,97.98886999999999,95.50627000000001,9.809750000000001,131.71030000000002
Sudan,32200,102.76285935000001,125.23339844,114.21456146,44478.0,145935.0,187620.0,110562.0,902525.0,392955.0,509570.0,63900.0,577454.0,485778.0,423.82599830000004,191.18499755599998,259.72300051999997,26143.0,34.39456,7.9462,0.0,0.0,9534.34872,3426.54972,10064.990870000001,2565.2136800000003,12.117049999999999,169.21947,178.23698000000002,160.35915,0.0,0.0,0.0,0.0,538.53414,518.97811,12.09348,557.62306,0.0,0.0,0.0,0.0,0.0,0.0,0.0,98.04546,40.92424,44.645610000000005,141.69031,4.566190000000001,33.73322,23.98768,32.321690000000004,19.34214,20.85709,4.42801,20.87546,0.94827,25.2762,13.664060000000001,0.0
Sweden,32200,0.0,0.0,0.0,764.0,2273.0,4241.0,603.0,4145.0,1829.0,2316.0,65.0,2762.0,4825.0,114.32699918600001,118.149999142,116.329998971,28161.0,183.92059999999998,90.37941,0.0,0.0,382799.8575300001,462184.462,424848.29866000003,433326.87442999997,18.982649999999996,983.58969,1203.02446,774.67119,161.56213,183.32023,17.93356,140.9475,1655.46105,1697.1020300000005,14.59527,1616.3859599999998,271.4783,301.46797,352.28464,523.49611,0.0,0.0,677.39192,221.80805999999995,122.64873000000001,336.09464,963.50964,13.21958,78.01349,201.87375999999995,189.76578999999998,234.90618999999998,308.02477,44.03917,57.14927,30.567050000000002,142.04518000000002,0.39572999999999997,407.17826999999994
Switzerland,32200,0.0,0.0,0.0,570.0,1769.0,2567.0,462.0,4734.0,2106.0,2628.0,64.0,3755.0,2841.0,77.24800157600001,66.56499958,71.487000464,28161.0,202.99702000000002,65.11871,6033.93026,7230.21335,290032.8828,390932.75904,334884.9764,401279.05536,13.797619999999998,751.7031800000001,747.3781200000001,756.03639,256.04965,316.84018000000003,22.39511,197.83474,1275.8767699999999,1248.8202500000002,12.47291,1301.6256599999997,154.44064000000003,303.45052,282.55783999999994,537.4914699999999,0.5405,10.30003,819.2726700000001,123.88533,241.53383000000002,278.48034,915.44171,20.60391,93.57380000000002,365.04429,120.13979,173.70967,165.20830000000004,36.58172,68.18894,73.21248999999999,77.65910000000001,6.07796,367.71974
Tajikistan,32200,99.69999695,99.81999969,99.80000305,2800.0,5171.0,7752.0,2549.0,131149.0,55537.0,75612.0,705.0,68639.0,38634.0,168.020000463,195.30300139,185.42600155000002,26143.0,132.91275000000002,35.07832,725.8830800000001,189.37894,6178.87086,1887.4914799999997,5992.99118,1563.5387,7.396609999999999,313.18032999999997,227.85418,396.75703000000004,0.0,0.0,0.0,0.0,757.25356,704.1380900000001,7.835089999999999,808.4856500000001,189.93632,0.0,0.0,154.63214,137.91796000000002,629.26395,0.0,2.3198600000000003,7.232809999999999,43.48623,156.51377000000002,4.58735,21.90316,11.75808,37.68902,25.890369999999997,41.28273,6.480449999999999,11.11541,7.69629,31.597160000000002,0.0,0.0
Thailand,32200,463.82627106,477.14803313999994,470.27552032000006,36114.0,92195.0,106188.0,28381.0,127970.0,54931.0,73039.0,4110.0,86932.0,83518.0,12.578000067999998,13.779000045999997,13.230999858,30180.0,176.75102,35.93728,31763.73572,12021.171810000002,308221.98655,112173.48189,337516.59931,127735.13361,13.159270000000003,539.17354,600.02197,479.42114999999995,1.0752,1.5126,2.34512,0.645,1429.6291600000002,1450.4618200000002,15.571599999999997,1409.4448499999999,0.0,142.77995,80.15163,163.56953000000001,0.0,0.0,0.0,192.40482,184.64879,54.62475,130.09445,6.0681899999999995,14.61629,40.86029,15.98313,36.98948,8.9496,8.91374,8.721530000000001,8.08297,35.53397,15.28079,0.0
Timor-Leste,32200,159.66993713,193.96051026,176.97581100000002,1855.0,3868.0,2833.0,2918.0,25682.0,11477.0,14205.0,1028.0,12383.0,8044.0,79.45399999600001,47.44499993300001,62.060999633,26167.0,84.90310999999998,93.52056,0.0,0.0,2619.39925,1113.4206500000003,3268.19924,1336.5940100000003,1.40096,34.49898,28.373359999999998,40.48622,0.0,0.0,0.0,0.0,897.3475199999999,913.7802700000001,13.414970000000002,881.37197,12.231200000000001,96.14813000000001,62.22366,103.79568,0.0,0.0,0.0,290.72574,42.90668,0.0,0.0,0.0,0.0,0.0,0.0,0.0,0.0,0.0,0.0,0.0,0.0,0.0,0.0
Togo,32200,187.20269775999998,292.75287628,238.13731001999997,15858.0,20325.0,21442.0,29407.0,197641.0,88263.0,109378.0,13600.0,103248.0,91401.0,35.676000119,47.015999794,41.376000045,30180.0,257.48578,60.01516,35.23568,14.546909999999999,5276.287630000001,2349.3229300000003,5537.423360000001,2286.10243,3.03908,127.702,52.411429999999996,119.78393000000001,0.0,0.0,0.0,0.0,257.57388000000003,149.64692,2.33218,253.94392,61.63335,133.30289,32.16526,835.15552,61.24979,417.45773,0.0,110.80842,179.03232,0.0,0.0,0.0,0.0,0.0,0.0,0.0,0.0,0.0,0.0,0.0,0.0,0.0,0.0
Tunisia,32200,424.92098236,522.10187531,472.9446869,4243.0,7260.0,10925.0,4467.0,45311.0,19792.0,25519.0,1169.0,36527.0,35475.0,335.07900526,201.67199801999996,237.23099612999997,30180.0,198.96909999999997,51.25754,0.0,0.0,50787.831860000006,20880.09466,52100.68851,17102.31168,20.506279999999997,506.12381999999997,623.5074099999999,392.89374,21.34588,4.6292,1.14505,7.28036,985.7655,661.12186,7.719899999999999,599.54507,0.0,36.30445,98.80704,510.41444,0.0,0.0,99.09181,61.26181,78.9308,175.14929,224.85071,5.80126,62.641819999999996,82.53567000000001,1.67548,71.6153,36.11547,64.9484,38.58558,14.41672,21.66429,0.0,0.0
Turkey,32200,1061.7798843399999,1171.14308168,1116.12306213,31141.0,51270.0,53695.0,40695.0,280911.0,129053.0,151858.0,3990.0,165360.0,118934.0,190.75900174199998,154.37199973399998,165.916000361,28161.0,8.01701,2.75063,0.0,0.0,25757.16023,15196.85075,36412.98613,13704.84146,11.543129999999998,113.21707,107.05119,119.17521,0.0,0.0,0.0,0.0,1307.9165500000001,1256.06702,12.917830000000002,1358.19931,0.0,0.0,0.0,25.74749,0.0,0.0,0.0,35.54923,85.21946999999999,220.50892,778.83312,39.495549999999994,78.57242,298.70378,135.17273,144.32202,68.30932,28.949199999999998,47.237700000000004,48.609939999999995,109.96937,0.65796,1.04991
Turkmenistan,32200,99.59999847,99.75,99.69999695,3267.0,7476.0,10664.0,3484.0,73348.0,30613.0,42735.0,185.0,46238.0,17420.0,42.97799968699999,92.81999921799999,72.200999976,6045.0,43.63872,3.04925,0.0,0.0,1936.76643,2483.7599,1703.33927,789.86502,1.46291,22.19454,19.04174,25.285719999999998,37.58679,29.83245,0.66045,45.16977,89.67061,88.83116,0.98166,90.49076,0.0,0.0,0.0,0.0,0.0,0.0,0.0,0.0,0.0,0.0,0.0,0.0,0.0,0.0,0.0,0.0,0.0,0.0,0.0,0.0,0.0,0.0,0.0
Uganda,32200,259.47891235000003,325.79903412,291.31073761000005,88017.0,153383.0,148341.0,177944.0,1013053.0,450376.0,562677.0,80800.0,533892.0,451798.0,46.47699976,31.162999747999997,38.621999979,26156.0,104.68193,18.58657,0.0,0.0,13908.89426,5375.77946,13387.875479999999,4712.6073,5.16106,29.145909999999997,24.82606,33.69061,14.249609999999999,10.346440000000001,2.86924,18.336959999999998,24.64033,21.84195,0.79395,27.5104,0.0,21.81673,0.0,268.86377,0.0,763.50623,134.30651,0.0,126.89099999999999,0.0,0.0,0.0,0.0,0.0,0.0,0.0,0.0,0.0,0.0,0.0,0.0,0.0,0.0
Ukraine,32200,99.95819855,99.99394226,99.97434998,8692.0,24447.0,55464.0,7789.0,65865.0,28334.0,37531.0,1579.0,46030.0,35389.0,113.082999229,145.46100043500002,130.079000947,30180.0,149.85408999999999,68.01399,0.0,0.0,284942.81625000003,93472.11619,374609.07461999997,83330.02865000001,11.78645,794.7245,874.79836,718.50981,227.32448,213.39361,7.19821,240.56948000000003,958.6995499999999,946.16451,9.749049999999999,970.6225,338.39794,176.47514,170.05329,400.28723999999994,9.554,98.18163,0.0,6.472470000000001,170.60945,331.93647,940.04872,53.360549999999996,78.88785,422.83160000000004,109.82119,264.97024,93.0218,32.7247,34.24156000000001,81.45246999999999,100.67325000000001,28.01483,0.0
Uruguay,32200,1282.22916412,1273.49192047,1278.0935745200002,846.0,2775.0,3739.0,643.0,6438.0,2773.0,3665.0,116.0,3794.0,3790.0,165.53399752600004,101.33000039999999,129.99200009499998,28161.0,79.25656000000001,24.597269999999998,450.0843,365.60294999999996,15637.44904,11521.28567,15976.127650000002,12977.389739999999,2.83082,550.21,115.82078,67.70853,0.0,0.0,0.0,0.0,1476.0970700000003,861.46633,8.96271,769.42449,64.64223,66.78555,82.13732000000002,115.97534999999999,0.0,0.0,0.0,163.19814999999997,112.22091,70.44793999999999,429.55206,17.615750000000002,16.66093,119.02423000000002,90.2083,37.70176,105.77552,14.83362,17.91256,21.674149999999997,58.59319,0.0,0.0
Uzbekistan,32200,499.91191101000004,499.96591187,499.9387054399999,16274.0,28790.0,40797.0,16588.0,251873.0,104480.0,147393.0,2730.0,158543.0,82176.0,82.747001172,89.46900033899999,86.69299936400002,30180.0,117.36504,28.85073,0.0,0.0,56644.48828,21316.27591,54387.1367,15239.257740000001,9.99914,141.71748,113.52144000000001,169.09724000000003,0.0,0.0,0.0,0.0,1370.9504700000002,1364.27163,14.85764,1377.35288,0.0,0.0,0.0,0.0,0.0,0.0,0.0,0.44492,18.92569,133.25183,266.7481700000001,28.579079999999998,42.148540000000004,45.08855,103.74416,88.38718,22.797310000000003,17.29826,27.5664,20.26436,4.12618,0.0,0.0
Zambia,32200,212.61705399000002,250.60282898000003,230.88272094,28307.0,55724.0,71851.0,63919.0,432559.0,194656.0,237903.0,22000.0,219758.0,147427.0,177.217000008,170.312999723,173.66299819699998,18109.0,83.20198,20.79599,0.0,0.0,10921.006229999999,4495.6305,10948.78031,4822.06416,1.10616,8.2849,5.766629999999999,10.88825,0.0,0.0,0.0,0.0,0.0,0.0,0.0,0.0,4.701169999999999,44.90211000000001,0.0,0.0,0.0,0.0,0.0,0.0,0.0,0.0,0.0,0.0,0.0,0.0,0.0,0.0,0.0,0.0,0.0,0.0,0.0,0.0,0.0
Zimbabwe,32200,168.34948731,176.95018005,172.27613068,35190.0,47857.0,72866.0,39808.0,322442.0,142411.0,180031.0,33400.0,200561.0,144542.0,88.309000493,72.628999709,80.59799957400001,16110.0,136.79274,31.43873,0.0,0.0,11703.8796,6276.163439999999,12758.375220000002,6522.63213,3.74938,37.196889999999996,32.264269999999996,42.68125,0.0,0.0,0.0,0.0,103.95666,101.50008,1.90644,106.47766,8.71485,28.012140000000002,44.40903,375.49487999999997,0.0,0.0,0.0,77.41034,32.78616,103.90533,292.77487,10.25117,41.6531,125.43997999999999,53.02146,67.62296,14.071180000000002,28.27577,8.006590000000001,4.88588,43.452110000000005,3.3198,0.0
