46.0050491125204,50.2154105392789,19.436326240809,36.1710595592976,20.6900901276043,22.1499738848994,22.4636763165749,6.50251284828963,16.6254477998961,25.344814607303,24.5723113884776,8.92918203368894,93.5085960715331,99.9112808155784,12.3229638899511,27.6704166688468,45.9150869553719,71.2762027892254,89.551325635571,83.5921301523853,20.6921014387055,62.0981418807705,62.7627799534238,62.4011208378799,92.7499516985022,45.9082790308651,93.9034222390912,42.3537235218603,39.7044596608902,43.6236748642431,43.497200602414,38.3597597803549,17.6419501986564,nan,22.0996238362439,60.4489882118786,50.5431962001075,12.0591187387328,107.124923531955,58.0040254559252,24.5230468897055,24.5230468897055,101.220225106526,101.284382425285,101.220225106526,32.8224326713377,42.0356456135775,65.141,19.5724,9.8338,nan,nan,147.958,41.831,62.5654,20.886,21.1736,11.3258,7.0444,56.4976,29.2254,13.239,82.3128,31.1302,13.7516,4.5704,68.049,84.0364,nan,18.895,63.9042,9.149,45.358,57.8858,nan,9.7116,39.3266,102.0658,54.7516,72.6946,50.7204,103.4938,8.0346,nan,126.9636,157.9144,6.6386,40.1384,7.643,65.482,64.0606,122.6056,110.9356,52.5186,116.1584,8.2652,51.5156,27.6142,4.4586,11.9314,4.169,18.4434,nan,93.0342,78.7626,53.086,68.6136,153.4524,50.7028,7.0988,75.3554,65.0748,nan,49.1406,5.6588,4.7362,38.487,93.5644,75.7058,45.1848,7.8568,65.7842,nan,6.9376,nan,28.1938,30.6066,69.756,133.365,103.2252,72.8682,50.9536,71.8464,2.6462,24.2756,5.9066,12.0708,46.9052,40.6932,71.7416,7.0566,nan,9.192,5.11,51.3186,3.6644,25.8414,29.364,74.044,15.4046,0.286,1.3204,nan,7.8858,32.4414,64.939,15.8014,14.2238,92.578,135.5662,5.7148,nan,10.2026,4.6038,2.3036,107.7374,132.0948,13.4668,7.4138,166.8668,12.4966,nan,69.628,25.2786,59.4542,13.2274,22.1802,nan,31.4384,8.781,30.681,146.2508,28.2066,61.632,nan,64.399,3.7028,14.4552,18.6046,83.3048,183.5134,105.447,15.162,nan,5.1048,12.6964,38.2106,nan,81.0386,51.982,70.1824,55.9518,54.7592,10.1692,8.0012,28.3068,9.5896,35.535,19.6196,38.852,23.2952,nan,93.3376,7.097,70.716,14.1444,61.2244,110.2282,3.5134,nan,25.9352,3.6524,78.4116,97.6452,67.8488,59.4332,7.4904,20.6904,nan,39.8792,nan,48.1898,60.796,60.6396,5.1226,2.6438,37.9512,57.4706,116.926,44.6888,32.364,88.6878,14.3302,29.3338,7.85,25.5558,24.2324,nan,nan,116.0714,23.0026,5.8868,12.641,18.5562,58.2386,24.2094,48.9082,84.9792,29.1518,27.6482,51.8828,59.1624,118.3048,83.2486
nan,nan,nan,nan,nan,nan,nan,nan,nan,nan,nan,nan,nan,nan,nan,nan,nan,nan,nan,nan,nan,nan,nan,nan,nan,nan,nan,nan,nan,nan,nan,nan,nan,nan,nan,nan,nan,nan,nan,nan,nan,38000000.0,11000.0,1400.0,22000.0,nan,nan,340000.0,nan,140000.0,3500.0,nan,29000.0,nan,9700.0,nan,nan,nan,2700.0,28000.0,nan,nan,75000.0,nan,nan,19000.0,nan,380000.0,920000.0,nan,nan,3300.0,100000.0,85000.0,2500.0,73000.0,510000.0,nan,nan,100000.0,120000.0,nan,74000.0,nan,200000.0,200.0,520000.0,100000.0,14000.0,430000.0,1600.0,32000.0,nan,nan,nan,nan,6800.0,nan,72000.0,47000.0,26000.0,27000.0,65000.0,14000.0,nan,200000.0,670000.0,nan,1000.0,nan,190000.0,nan,51000.0,28000.0,9100.0,nan,340000.0,nan,nan,nan,nan,nan,36000.0,110000.0,40000.0,8700.0,160000.0,25000.0,nan,nan,nan,nan,nan,59000.0,nan,7500.0,nan,nan,130000.0,32000.0,nan,nan,33000.0,1500000.0,nan,nan,nan,nan,nan,10000.0,13000.0,5600.0,2700.0,340000.0,47000.0,9500.0,nan,3400.0,nan,nan,39000.0,1100000.0,88000.0,nan,140000.0,nan,nan,5700.0,11000.0,nan,nan,15000.0,nan,1000.0,500.0,21000.0,2200000.0,240000.0,210000.0,nan,30000.0,24000.0,nan,3500.0,9600.0,33000.0,1800000.0,nan,nan,nan,2500.0,190000.0,nan,nan,52000.0,22000.0,87000.0,97000.0,nan,nan,nan,nan,19000.0,nan,230000.0,nan,nan,nan,nan,41000.0,3200.0,nan,78000.0,7900.0,nan,nan,nan,nan,11000.0,7500000.0,190000.0,150000.0,3600.0,nan,nan,nan,nan,46000.0,5800.0,nan,17000.0,1000.0,14000.0,1700000.0,470000.0,1500.0,120000.0,nan,11000.0,6500.0,nan,nan,nan,nan,1500000.0,250000.0,nan,nan,nan,nan,50000.0,nan,110000.0,230000.0,nan,nan,11000.0,1200000.0,1400000.0
nan,nan,nan,nan,nan,nan,nan,nan,nan,nan,nan,nan,nan,nan,nan,nan,nan,nan,nan,nan,nan,nan,nan,nan,nan,nan,nan,nan,nan,nan,nan,nan,nan,nan,nan,nan,nan,nan,nan,nan,nan,nan,nan,nan,nan,nan,1700000.0,1500.0,100.0,2100.0,nan,nan,26000.0,nan,5900.0,200.0,nan,1000.0,nan,1000.0,nan,nan,nan,100.0,1900.0,nan,nan,3500.0,nan,nan,1000.0,nan,9500.0,48000.0,nan,nan,500.0,2700.0,1900.0,200.0,1000.0,17000.0,nan,nan,4900.0,5200.0,nan,5100.0,nan,12000.0,100.0,23000.0,8000.0,1000.0,12000.0,100.0,1700.0,nan,nan,nan,nan,200.0,nan,2800.0,2400.0,5000.0,1000.0,5200.0,500.0,nan,4500.0,15000.0,nan,200.0,nan,nan,nan,1500.0,2400.0,nan,nan,20000.0,nan,nan,nan,nan,nan,1100.0,4800.0,2100.0,500.0,5700.0,1100.0,nan,nan,nan,nan,nan,4100.0,nan,nan,nan,nan,2500.0,1600.0,nan,nan,3700.0,42000.0,nan,nan,nan,nan,nan,1000.0,1000.0,500.0,200.0,11000.0,2200.0,500.0,nan,500.0,nan,nan,5900.0,33000.0,6300.0,nan,nan,nan,nan,nan,1000.0,nan,nan,1000.0,nan,100.0,100.0,1000.0,130000.0,10000.0,6900.0,nan,1000.0,500.0,nan,200.0,500.0,1300.0,100000.0,nan,nan,nan,200.0,25000.0,nan,nan,3300.0,1100.0,3300.0,16000.0,nan,nan,nan,nan,1000.0,nan,5300.0,nan,nan,nan,nan,1400.0,500.0,nan,4900.0,200.0,nan,nan,nan,nan,500.0,200000.0,19000.0,2700.0,200.0,nan,nan,nan,nan,3500.0,500.0,nan,500.0,100.0,1600.0,77000.0,5400.0,200.0,4500.0,nan,200.0,1000.0,nan,nan,nan,nan,53000.0,13000.0,nan,nan,nan,nan,4400.0,nan,5200.0,5200.0,nan,nan,1000.0,51000.0,40000.0
nan,nan,nan,nan,nan,nan,nan,nan,nan,nan,nan,nan,nan,nan,nan,nan,nan,nan,nan,nan,nan,nan,nan,nan,nan,nan,nan,nan,nan,nan,nan,nan,nan,nan,nan,nan,nan,nan,nan,nan,nan,36200000.0,10000.0,1400.0,21000.0,nan,nan,310000.0,nan,130000.0,3500.0,nan,29000.0,nan,9600.0,nan,nan,nan,2700.0,28000.0,nan,nan,69000.0,nan,nan,19000.0,nan,370000.0,nan,nan,nan,3300.0,92000.0,76000.0,2400.0,70000.0,470000.0,nan,nan,96000.0,110000.0,nan,74000.0,nan,190000.0,200.0,460000.0,96000.0,14000.0,400000.0,1600.0,32000.0,nan,nan,nan,nan,6200.0,nan,71000.0,46000.0,25000.0,26000.0,62000.0,13000.0,nan,190000.0,630000.0,nan,1000.0,nan,190000.0,nan,48000.0,26000.0,9000.0,nan,320000.0,nan,nan,nan,nan,nan,35000.0,100000.0,37000.0,8300.0,150000.0,24000.0,nan,nan,nan,nan,nan,58000.0,nan,7500.0,nan,nan,130000.0,32000.0,nan,nan,33000.0,1400000.0,nan,nan,nan,nan,nan,9700.0,13000.0,5600.0,2700.0,330000.0,43000.0,9200.0,nan,3400.0,nan,nan,37000.0,1000000.0,87000.0,nan,130000.0,nan,nan,5300.0,11000.0,nan,nan,14000.0,nan,1000.0,500.0,21000.0,2100000.0,230000.0,200000.0,nan,28000.0,23000.0,nan,3500.0,9400.0,30000.0,1600000.0,nan,nan,nan,2400.0,180000.0,nan,nan,48000.0,21000.0,85000.0,96000.0,nan,nan,nan,nan,19000.0,nan,220000.0,nan,nan,nan,nan,38000.0,3200.0,nan,69000.0,7900.0,nan,nan,nan,nan,9500.0,7200000.0,180000.0,150000.0,3600.0,nan,nan,nan,nan,42000.0,5600.0,nan,17000.0,1000.0,13000.0,1600000.0,470000.0,1400.0,110000.0,nan,10000.0,6400.0,nan,nan,nan,nan,1400000.0,250000.0,nan,nan,nan,nan,44000.0,nan,110000.0,220000.0,nan,nan,11000.0,1200000.0,1300000.0
nan,nan,nan,nan,nan,nan,nan,nan,nan,nan,nan,nan,nan,nan,nan,nan,nan,nan,nan,nan,nan,nan,nan,nan,nan,nan,nan,nan,nan,nan,nan,nan,nan,nan,nan,nan,nan,nan,nan,nan,nan,nan,nan,nan,nan,nan,1400000.0,1300.0,100.0,1900.0,nan,nan,20000.0,nan,5400.0,200.0,nan,1000.0,nan,1000.0,nan,nan,nan,100.0,1700.0,nan,nan,2800.0,nan,nan,1000.0,nan,8700.0,nan,nan,nan,500.0,1700.0,1000.0,100.0,1000.0,13000.0,nan,nan,4100.0,3400.0,nan,4500.0,nan,11000.0,100.0,14000.0,6100.0,1000.0,9200.0,100.0,1400.0,nan,nan,nan,nan,100.0,nan,2500.0,2200.0,4500.0,1000.0,4400.0,500.0,nan,4100.0,11000.0,nan,200.0,nan,nan,nan,1100.0,1900.0,nan,nan,16000.0,nan,nan,nan,nan,nan,1000.0,3900.0,1600.0,500.0,4600.0,1000.0,nan,nan,nan,nan,nan,3700.0,nan,nan,nan,nan,2200.0,1500.0,nan,nan,3300.0,33000.0,nan,nan,nan,nan,nan,1000.0,1000.0,500.0,200.0,9500.0,1700.0,500.0,nan,500.0,nan,nan,5200.0,29000.0,6100.0,nan,nan,nan,nan,nan,1000.0,nan,nan,1000.0,nan,100.0,100.0,1000.0,110000.0,9100.0,5900.0,nan,1000.0,500.0,nan,200.0,500.0,1000.0,76000.0,nan,nan,nan,200.0,22000.0,nan,nan,2700.0,1000.0,3000.0,15000.0,nan,nan,nan,nan,1000.0,nan,4500.0,nan,nan,nan,nan,1100.0,200.0,nan,3400.0,100.0,nan,nan,nan,nan,500.0,170000.0,15000.0,2500.0,200.0,nan,nan,nan,nan,2700.0,500.0,nan,500.0,100.0,1100.0,63000.0,5300.0,200.0,3300.0,nan,100.0,1000.0,nan,nan,nan,nan,45000.0,12000.0,nan,nan,nan,nan,3300.0,nan,4600.0,4400.0,nan,nan,1000.0,43000.0,33000.0
nan,nan,nan,nan,nan,nan,nan,nan,nan,nan,nan,nan,nan,nan,nan,nan,nan,nan,nan,nan,nan,nan,nan,nan,nan,nan,nan,nan,nan,nan,nan,nan,nan,nan,nan,nan,nan,nan,nan,nan,nan,nan,nan,nan,nan,nan,nan,nan,nan,nan,nan,nan,nan,nan,nan,nan,nan,nan,nan,nan,nan,nan,nan,nan,nan,nan,nan,nan,nan,nan,nan,nan,nan,nan,nan,nan,nan,nan,nan,nan,nan,nan,nan,nan,nan,nan,nan,nan,nan,nan,nan,nan,nan,nan,nan,nan,nan,nan,nan,nan,nan,nan,nan,nan,nan,nan,nan,nan,nan,nan,nan,nan,nan,nan,nan,nan,nan,nan,nan,nan,nan,nan,nan,nan,nan,nan,nan,nan,nan,nan,nan,nan,nan,nan,nan,nan,nan,nan,nan,nan,nan,nan,nan,nan,nan,nan,nan,nan,nan,nan,nan,nan,nan,nan,nan,nan,nan,nan,nan,nan,nan,nan,nan,nan,nan,nan,nan,nan,nan,nan,nan,nan,nan,23.2,nan,nan,nan,nan,nan,nan,nan,nan,nan,nan,nan,nan,nan,nan,nan,nan,nan,nan,nan,nan,nan,nan,nan,nan,nan,nan,nan,nan,nan,nan,nan,nan,nan,nan,nan,nan,nan,nan,nan,nan,nan,nan,nan,nan,nan,nan,nan,nan,nan,nan,nan,nan,nan,nan,nan,nan,nan,nan,nan,nan,nan,nan,nan,nan,nan,nan,nan,nan,nan,nan,nan,nan,nan,nan,nan,nan,nan,nan,nan,nan,nan,nan,nan,nan,nan,nan,nan,nan,nan
nan,nan,nan,nan,nan,nan,nan,nan,nan,nan,nan,nan,nan,nan,nan,nan,nan,nan,nan,nan,nan,nan,nan,nan,nan,nan,nan,nan,nan,nan,nan,nan,nan,nan,nan,nan,nan,nan,nan,nan,nan,nan,nan,nan,nan,nan,nan,nan,nan,nan,nan,nan,nan,nan,nan,nan,nan,nan,nan,nan,nan,nan,nan,nan,nan,nan,nan,nan,nan,nan,nan,nan,nan,nan,nan,nan,nan,nan,nan,nan,nan,nan,nan,nan,nan,nan,nan,nan,nan,nan,nan,nan,nan,nan,nan,nan,nan,nan,nan,nan,nan,nan,nan,nan,nan,nan,nan,nan,nan,nan,nan,nan,nan,nan,nan,nan,nan,nan,nan,nan,nan,nan,nan,nan,nan,nan,nan,nan,nan,nan,nan,nan,nan,nan,nan,nan,nan,nan,nan,nan,nan,nan,nan,nan,nan,nan,nan,nan,nan,nan,nan,nan,nan,nan,nan,nan,nan,nan,nan,nan,nan,nan,nan,nan,nan,nan,nan,nan,nan,25.9,nan,nan,nan,nan,nan,nan,nan,nan,nan,nan,nan,nan,nan,nan,nan,nan,nan,nan,nan,nan,nan,nan,nan,nan,nan,nan,nan,nan,nan,nan,nan,nan,nan,nan,nan,nan,nan,nan,nan,nan,nan,nan,nan,nan,nan,nan,nan,nan,nan,nan,nan,nan,nan,nan,nan,nan,nan,nan,nan,nan,nan,nan,nan,nan,nan,nan,nan,nan,nan,nan,nan,nan,nan,nan,nan,nan,nan,nan,nan,nan,nan,nan,nan,nan,nan,nan,nan,nan,nan
61.0818006488923,48.1585335482278,51.9986886759708,53.1505070588492,44.8708956747966,43.5920622410276,43.6199461895534,56.0345936516274,53.2328039673737,50.3526677247804,50.4420501557464,55.3579304358852,80.7539889934465,84.4428301039901,53.6318231803794,47.7292699194152,54.6338819092709,73.7645167044222,74.9649374899379,74.5610233430195,43.2281204999516,49.2353967414539,49.2522914931461,49.2551667040008,76.4964753944861,54.6444385437521,83.2344255421698,57.2771556283737,55.3023280740098,58.2700805677385,58.1042395860568,51.3306979281383,52.9780700990058,nan,54.1081892857207,57.3851711837542,66.0393794700069,54.8867031304491,86.4007540665236,56.2525427467188,51.7883636805427,51.7883636805427,83.523357680641,83.5749341031965,83.523357680641,45.2602790753743,54.4814021681945,82.1097746744375,46.2035217630944,58.9904904950003,nan,nan,95.3940418170685,44.9479120026268,55.8570334548352,47.600647545704,46.3674537068906,54.3130005917775,50.2346584357808,42.6295599669755,41.962785442219,26.9639834507685,47.9174336199104,49.8832892077765,47.5735189812643,56.4082895996476,52.8392606137016,83.3866501323985,nan,45.8431123716621,61.1964472404396,46.8319048248137,61.6315284677996,43.3913818005851,nan,38.5527721106926,56.0996180619891,88.9827197623741,91.2511875885716,49.4876046536914,55.8044118813071,82.1021981149364,50.3619137115277,nan,87.7398584864603,97.2876357824433,48.5196233963305,45.7212163114553,41.3961197826969,45.7441569380256,73.4342960803897,96.1489626716657,79.4000800889047,44.8416202208223,80.4657470050906,54.8523315983273,46.2144545528903,55.4309111538651,44.4155002295322,55.0957389808522,57.1492195275437,51.0894531007511,nan,53.8629214841848,54.033761126527,64.2337169671459,54.6264891078291,64.9656135604108,nan,57.3689086705394,71.9578661067186,78.1043233741198,nan,53.6521063535912,61.6997307208205,61.7953548296815,45.4430412706679,68.7031181569981,87.5751832842232,54.0653749697699,54.7089075814099,67.9605065100603,nan,55.8556612838741,nan,50.1380697050938,52.2626328818989,63.3675023151236,86.5389561819362,81.8741466906272,53.0023221085058,61.0883306654706,56.2197674459609,42.5008081322304,51.8088186942445,53.4667889939431,49.2452417545555,47.6350826939663,44.9552250015721,70.7051534003365,54.7345746684591,nan,66.9288614918037,56.6877329385221,48.0464042389086,68.279570780973,59.8865660510431,57.563672083176,71.2833260089209,66.4463535106217,41.3454953799213,38.5168579778302,nan,32.159191039614,58.9875265373177,57.3984773997463,57.8389765822978,48.9103739661797,59.7258923230009,78.6946398926104,48.2063677035318,nan,54.5448546215491,42.8209050820435,33.7456380141714,76.7124892549559,85.565638223873,44.1249284501572,30.8055972998941,99.2024920843025,54.1922936522787,nan,75.577697574064,41.359573099363,50.6064441559287,55.3958111466099,38.7016317673252,nan,53.8168448624019,50.4650814073852,52.1374673673244,89.5606905304603,46.8991913254887,68.1066812588744,nan,54.686083123647,55.0118869105543,46.7581142755157,55.1844776386963,54.590197347771,110.255774482839,86.6737825482776,43.8414819795905,nan,53.1056896417463,33.0972800725121,64.9533120697364,nan,54.0664848246051,63.9220401241653,55.7636294690386,50.7113001396668,55.7411093199395,49.9301697650601,55.3006735774097,56.1472344045646,17.812083356733,52.3554653153514,49.8106011592361,74.8077100653064,74.8166215796709,nan,82.1721120532651,39.4289214776797,84.9739911673941,52.1640345151778,46.0796049678288,77.5317517014222,32.8455905284947,nan,46.4131146167942,54.5402532807331,77.8157395240181,97.1170040788141,52.4008792458016,81.6360773969987,52.0327437883208,53.3630995003864,nan,39.3651979658277,nan,46.9172213144155,77.8822092521003,51.3477418750195,60.8339195915858,51.0087581502291,55.6417499902668,67.1040358208977,86.7914103236265,41.3023857346119,71.1702040351681,78.2076980387237,69.5340385489,45.7288096285254,48.8528635231462,49.2918491069916,54.6807538061777,nan,nan,94.0337174698525,48.4664375371081,18.8624783273244,56.7506137567637,53.2776665247595,54.7971116628151,50.1344343336409,73.39030482446,53.8821754955898,44.4408345838613,64.9307059333045,71.889453500611,72.7877164325694,87.1881796118972,82.2779699376043
7.43200320011483,13.3290880702817,28.7992543873905,9.11856907754855,16.1598827008672,14.2485366949127,14.2631870748988,32.525631361,25.4476771059128,18.046632723157,19.3659137341851,31.7729579275974,6.10700391252024,5.60394682449579,27.9704332355033,12.9622091020213,11.4142297102162,5.99466143504406,6.26032052539258,6.17090440795734,16.0055220045032,12.9687310669034,12.669923324302,12.6921085391275,6.21741695787033,11.2506615771245,5.96720020710865,8.81193029328312,8.18662090941388,8.67651897386431,8.71247367687881,11.7568094305406,25.0223714624097,nan,26.3149819874949,8.62279687188808,7.65115984982659,29.8233204159519,5.14942687196303,9.4389850129794,9.0817799492767,9.0817799492767,5.49065009885587,5.47301179480387,5.49065009885587,14.5475733438457,13.9445792765581,4.76361694888949,20.7647356526265,10.4182936955012,nan,nan,4.29738273872188,13.1249813438405,17.5231748606151,16.9499679121542,20.5768568871756,24.5684821384735,28.6581660137141,9.19445528278974,10.6234623024913,3.19798116704883,7.66264276715844,24.3275421803769,22.4324202144658,29.7278516966691,7.43928175692343,5.9873630950161,nan,8.88618346112976,11.8296134889158,25.2567779092934,7.05666337140079,13.2660086016813,nan,7.21695307653443,33.1757962114112,4.54935746047511,4.42190974857622,7.02348591932152,7.35049255010814,4.95982635097495,26.5357146957276,nan,5.28448304512069,4.9157008503835,26.1415367636915,17.3139247907184,16.2212358176963,12.775685042755,5.29911742524612,5.91769576398527,4.88222229705782,14.3109826068766,5.18499628458669,32.3024057599357,22.7582201325872,26.6854126584776,20.2878731102755,30.7101136517917,31.3752493204036,6.96380905084114,nan,11.2295155483969,11.3556759628361,8.66551776658798,13.0962181692719,3.99960583030508,nan,31.4608514308152,6.90374595053626,6.2633777400476,nan,8.64174723756906,35.8013596650663,32.9922902187957,12.625439395912,5.98006541327461,4.80366057104141,23.2038737655333,33.3598697414584,5.20227801863753,nan,34.1970293197925,nan,14.529490616622,15.5153269258774,8.05236016672826,5.487799979639,5.20753052030805,10.2688798367487,8.15698074218835,7.54258644639078,24.9351548624315,29.897919291352,23.3148143428732,9.51874832508143,8.93236936841601,9.21700995217332,5.80147119906767,22.0076298803475,nan,20.3798026642829,36.0571947916619,13.2092800443495,47.1217280690744,6.22504961192066,12.0573175130207,4.15161100531284,6.79479740153134,13.0858916041159,20.8608848330503,nan,3.65266724153367,7.31388420643632,6.55404831337016,32.0989783481769,10.8306857701015,7.86781925367436,5.87135901510773,6.60739390459138,nan,31.1538165066693,20.387615830872,14.9952072974378,5.37924149538645,4.90268902994243,9.97455669772163,4.76263211056638,4.97035679463044,32.0984321653052,nan,5.54166021687591,16.9613260902585,11.1699688111668,6.51538734605827,16.6623871003433,nan,6.44390053597029,23.1553947508441,11.1067269947771,5.45640243500862,8.8311454416539,6.06538054864994,nan,8.94482735016523,30.3905773283262,13.8344254353535,24.8201428631394,8.43752118219248,5.45973572083724,5.12061742585458,20.2606802762418,nan,26.4454282691048,3.2590064306901,7.12995467696089,nan,12.8088358117115,5.75272174261758,10.3128368465798,12.6499211175715,8.27763407270422,27.1626939047622,34.7200943410636,30.7564623455613,1.79447020136155,28.6276893946937,22.6125997250658,5.2936198324957,8.62388575990066,nan,5.39258456091012,4.75855097711038,5.73137554647606,28.5163000146578,11.4020649408948,5.23316846261234,16.4637303497033,nan,23.6784742314757,31.1959409949151,6.45615152842485,5.69511199666598,8.25289715968003,6.13349639145245,29.8711256772831,16.6227297295244,nan,13.9853155330553,nan,14.31057616941,6.45235219692219,10.6171444637669,32.4861452020046,28.4470291464026,7.30248538852824,5.15676572833895,4.89494568472457,17.5303277033183,7.33727090056628,5.14547567636813,10.0736582516711,16.2024322034518,12.7916240218528,13.0276304824477,7.10359810887259,nan,nan,3.80800908578775,24.8013045332531,1.37470334650928,29.0124949422352,24.8457061030307,23.1286086328156,6.89899975204602,6.2699477311624,11.711957562888,10.9105882388526,32.7801150776465,5.45475823869025,5.01454260014865,3.95961915166304,5.43299186813578
52.1270874321548,34.7614186586434,23.1530496188004,43.6363956483427,28.3965470108808,29.2236324487491,29.2357800821825,23.4255644726917,27.6552143749304,32.2102143989282,30.9907122107066,23.4937778902947,73.1871058447087,78.2200626810432,25.1707200403376,34.4793140345113,41.8629309092992,66.9949974198526,66.8107483900247,66.8727633313046,27.1029062444245,36.0640699258387,36.3761961775564,36.358631551944,68.2772839101758,42.0225207122428,76.134964595197,47.4508308677586,46.0355220414431,49.0168532621015,48.8224709389761,38.7545985988875,27.9504963052098,nan,27.5297431266568,46.0778278803624,57.688164203971,24.765218980079,80.8690707741017,44.6196154874372,42.4351377925001,42.4351377925001,77.280331424638,77.3633439651973,77.280331424638,30.5134688049204,39.3073302763362,77.3461577255481,25.438786110468,48.5721967994992,nan,nan,91.0966590783467,31.8229306587863,38.3338585942201,30.6506796335498,25.790596819715,29.744518453304,21.5764924220667,33.4351046841858,31.3393231397277,23.7660022837197,40.254790852752,25.5557470273996,25.1410987667985,26.6804379029786,45.3999788567782,77.3992870373824,nan,36.9569289105323,49.3668337515238,21.5751269155203,54.5748650963988,30.1253731989037,nan,31.3358190341581,22.9238218505778,84.433362301899,86.8292778399953,42.4641187343699,48.453919331199,77.1423717639614,23.8261990158001,nan,82.4553754413396,92.3719349320598,22.378086632639,28.4072915207369,25.1748839650006,32.9684718952706,68.1351786551436,90.2312669076804,74.5178577918469,30.5306376139457,75.2807507205039,22.5499258383917,23.456234420303,28.7454984953875,24.1276271192567,24.3856253290605,25.7739702071402,44.12564404991,nan,42.6334059357879,42.6780851636909,55.5681992005579,41.5302709385572,60.9660077301057,nan,25.9080572397243,65.0541201561824,71.8409456340722,nan,45.0103591160221,25.8983710557542,28.8030646108859,32.8176018747559,62.7230527437235,82.7715227131818,30.8615012042365,21.3490378399515,62.7582284914228,nan,21.6586319640816,nan,35.6085790884718,36.7473059560216,55.3151421483954,81.0511562022972,76.6666161703191,42.7334422717571,52.9313499232823,48.6771809995701,17.5656532697989,21.9108994028925,30.1519746510699,39.726493429474,38.7027133255503,35.7382150493988,64.9036822012688,32.7269447881116,nan,46.5490588275208,20.6305381468602,34.8371241945592,21.1578427118986,53.6615164391224,45.5063545701553,67.131715003608,59.6515561090904,28.2596037758054,17.65597314478,nan,28.5065237980803,51.6736423308814,50.8444290863762,25.7399982341209,38.0796881960782,51.8580730693266,72.8232808775027,41.5989737989404,nan,23.3910381148798,22.4332892511716,18.7504307167335,71.3332477595694,80.6629491939305,34.1503717524356,26.0429651893277,94.2321352896721,22.0938614869736,nan,70.0360373571881,24.3982470091045,39.4364753447619,48.8804238005516,22.0392446669819,nan,47.3729443264316,27.3096866565411,41.0307403725473,84.1042880954517,38.0680458838348,62.0413007102245,nan,45.7412557734818,24.6213095822281,32.9236888401622,30.3643347755569,46.1526761655786,104.796038762002,81.553165122423,23.5808017033486,nan,26.6602613726415,29.838273641822,57.8233573927755,nan,41.2576490128937,58.1693183815477,45.4507926224588,38.0613790220952,47.4634752472352,22.7674758602978,20.5805792363461,25.3907720590033,16.0176131553714,23.7277759206577,27.1980014341703,69.5140902328107,66.1927358197703,nan,76.779527492355,34.6703705005693,79.242615620918,23.64773450052,34.677540026934,72.2985832388099,16.3818601787914,nan,22.7346403853185,23.3443122858179,71.3595879955933,91.4218920821481,44.1479820861215,75.5025810055462,22.1616181110377,36.740369770862,nan,25.3798824327724,nan,32.6066451450055,71.4298570551781,40.7305974112526,28.3477743895812,22.5617290038265,48.3392646017385,61.9472700925587,81.896464638902,23.7720580312936,63.8329331346018,73.0622223623556,59.4603802972289,29.5263774250736,36.0612395012934,36.2642186245439,47.5771556973051,nan,nan,90.2257083840647,23.6651330038551,17.4877749808152,27.7381188145284,28.4319604217288,31.6685030299995,43.2354345815949,67.1203570932976,42.1702179327018,33.5302463450087,32.150590855658,66.4346952619208,67.7731738324207,83.2285604602342,76.8449780694685
nan,nan,nan,nan,nan,nan,nan,nan,nan,nan,nan,nan,nan,nan,nan,nan,nan,nan,nan,nan,nan,nan,nan,nan,nan,nan,nan,nan,nan,nan,nan,nan,nan,nan,nan,nan,nan,nan,nan,nan,nan,690000.0,500.0,100.0,200.0,nan,nan,13000.0,nan,1400.0,100.0,nan,100.0,nan,500.0,nan,nan,nan,100.0,200.0,nan,nan,2300.0,nan,nan,200.0,nan,5000.0,14000.0,nan,nan,100.0,3100.0,1800.0,100.0,1300.0,14000.0,nan,nan,3800.0,3200.0,nan,nan,nan,4100.0,100.0,15000.0,4500.0,200.0,13000.0,100.0,500.0,nan,nan,nan,nan,500.0,nan,1900.0,1000.0,500.0,1000.0,1800.0,500.0,nan,2300.0,12000.0,nan,100.0,nan,500.0,nan,1100.0,1100.0,100.0,nan,14000.0,nan,nan,nan,nan,nan,1200.0,3100.0,1500.0,200.0,2700.0,1000.0,nan,nan,nan,nan,nan,2500.0,nan,100.0,nan,nan,1000.0,1000.0,nan,nan,500.0,21000.0,nan,nan,nan,nan,nan,500.0,500.0,100.0,100.0,4800.0,1900.0,500.0,nan,100.0,nan,nan,1400.0,13000.0,2700.0,nan,5800.0,nan,nan,500.0,nan,nan,nan,500.0,nan,100.0,100.0,500.0,51000.0,7700.0,3000.0,nan,1000.0,200.0,nan,100.0,200.0,1100.0,45000.0,nan,nan,nan,100.0,6800.0,nan,nan,1000.0,1000.0,1000.0,1600.0,nan,nan,nan,nan,500.0,nan,2800.0,nan,nan,nan,nan,1200.0,100.0,nan,2600.0,100.0,nan,nan,nan,nan,1000.0,72000.0,9100.0,1000.0,200.0,nan,nan,nan,nan,2300.0,200.0,nan,100.0,100.0,500.0,27000.0,14000.0,100.0,3000.0,nan,200.0,500.0,nan,nan,nan,nan,21000.0,5900.0,nan,nan,nan,nan,1000.0,nan,nan,5000.0,nan,nan,500.0,17000.0,20000.0
39.5904255319149,49.535652173913,nan,nan,nan,nan,nan,nan,nan,nan,nan,nan,63.0907922700539,69.0539185372131,nan,nan,nan,69.5324652158402,68.9104353497473,69.1055505819158,nan,60.6396861751377,60.422296782065,60.3963665165091,68.710082248581,nan,66.4848406322882,nan,39.0647307924985,38.5896805896806,38.5896805896806,nan,nan,nan,nan,73.712532734755,nan,nan,67.3280811644121,nan,nan,nan,69.649500046652,69.668602254253,69.649500046652,nan,67.0,10.0,85.0,67.0,nan,nan,27.0,nan,58.0,85.0,nan,83.0,nan,52.0,nan,nan,nan,nan,63.0,nan,nan,65.0,nan,nan,60.0,nan,82.0,60.0,nan,nan,nan,67.0,84.0,62.0,84.0,62.0,nan,nan,46.0,58.0,nan,68.0,nan,68.0,82.0,53.0,25.0,66.0,63.0,nan,76.0,nan,nan,nan,nan,43.0,nan,48.0,65.0,32.0,50.0,35.0,62.0,nan,96.0,74.0,nan,nan,nan,82.0,nan,51.0,29.0,nan,nan,45.0,nan,nan,nan,nan,nan,58.0,45.0,41.0,69.0,71.0,48.0,nan,nan,nan,nan,nan,25.0,nan,nan,nan,nan,90.0,44.0,nan,nan,52.0,74.0,nan,nan,nan,nan,nan,40.0,56.0,90.0,nan,65.0,33.0,34.0,nan,90.0,nan,nan,13.0,79.0,50.0,nan,36.0,nan,nan,57.0,25.0,nan,nan,46.0,nan,nan,40.0,70.0,60.0,76.0,85.0,nan,63.0,87.0,nan,63.0,59.0,61.0,65.0,nan,nan,nan,70.0,12.0,nan,nan,62.0,44.0,77.0,44.0,nan,nan,nan,nan,68.0,nan,87.0,nan,nan,nan,nan,70.0,68.0,nan,43.0,nan,nan,nan,nan,nan,33.0,70.0,18.0,85.0,nan,nan,nan,nan,nan,22.0,50.0,nan,nan,22.0,51.0,75.0,80.0,80.0,64.0,nan,50.0,20.0,nan,nan,nan,nan,84.0,54.0,nan,nan,nan,nan,58.0,nan,40.0,70.0,nan,nan,24.0,85.0,85.0
25.1475419913116,15.8867678879928,9.94865052746898,20.2039557397438,12.56112064727,13.1120155000339,13.1023551703412,9.27446610933466,11.7298400802183,14.4010028541351,13.8016214500821,9.46555959283579,33.7337592983636,35.298468898189,10.300919928459,15.6482784740714,19.608656003703,31.8333449670114,30.8671988329787,31.1919667018826,12.0697664269199,16.3622457516122,16.5463789174787,16.5318816892927,31.432905419714,19.6975506830172,34.6211430708124,22.1900579062998,22.5785254425021,23.631551476562,23.5633106477622,17.9952198240709,11.4466119668017,nan,11.3125688518869,23.1226015585524,26.0991783414788,9.82819940712348,36.5449441020756,22.0009254268681,19.4073423191833,19.4073423191833,35.2190779327079,35.2501008442696,35.2190779327079,13.7488011568172,18.1748497563969,32.487,11.78,24.282,nan,7.2,40.729,15.327,17.021,13.987,11.652,12.6,9.7,14.0,13.968,13.99,18.184,10.648,9.9,10.3,20.786,36.221,8.2,17.259,21.75,8.111,24.821,13.924,nan,14.896,8.9,37.93,39.008,19.49,22.464,35.386,10.1,9.9,35.348,42.172,9.861,12.428,10.9,14.882,31.881,41.183,32.862,13.971,35.74,9.0,10.166,10.8,10.462,10.7,10.6,21.466,nan,19.506,19.719,26.379,18.253,33.241,30.302,10.9,26.342,32.339,13.4,21.277,8.6,11.3,14.684,31.611,38.535,13.472,9.5,29.407,nan,8.1,14.6,16.465,16.579,24.561,36.364,35.125,19.967,24.349,21.599,7.2,9.6,12.0,17.857,18.072,18.783,29.075,12.5,nan,20.8,7.3,16.103,7.4,21.979,21.77,28.748,27.887,13.89,6.4,16.0,13.939,27.1,23.549,10.0,17.545,26.808,33.042,18.829,9.9,10.0,10.3,11.058,32.657,34.118,16.752,14.199,41.543,9.2,nan,33.694,10.2,17.602,22.82,10.1,5.9,24.131,11.732,18.937,37.52,17.552,28.639,nan,19.887,9.7,14.5,11.98,20.641,46.079,37.905,10.811,nan,10.4,19.189,28.25,14.0,18.976,27.073,20.571,17.949,20.546,10.2,8.5,6.7,9.541,9.6,11.5,31.696,24.378,6.8,31.538,17.798,34.523,9.2,17.1,33.406,8.8,nan,10.6,9.4,32.439,41.753,20.51,35.01,7.9,15.831,nan,12.0,14.7,14.24,32.177,18.542,11.4,10.0,23.685,30.761,36.7,10.344,29.424,33.113,24.303,12.937,17.564,16.027,23.831,nan,nan,38.135,8.7,10.331,11.0,11.6,13.857,23.3,29.595,17.881,16.745,12.5,29.282,30.453,36.192,30.676
nan,nan,nan,nan,nan,nan,nan,nan,nan,nan,nan,nan,nan,nan,nan,nan,nan,nan,nan,nan,nan,nan,nan,nan,nan,nan,nan,nan,nan,nan,nan,nan,nan,nan,nan,nan,nan,nan,nan,nan,nan,nan,nan,0.16873735,nan,nan,nan,nan,0.02258851,nan,0.02924202,nan,nan,0.7216593,0.18321492,0.08080183,nan,nan,0.18790331,nan,nan,0.01065514,nan,nan,0.80290633,nan,nan,nan,nan,nan,0.0958964,nan,0.3985852,nan,nan,0.58237332,0.42335632,0.62012422,nan,0.20125592,nan,nan,0.24543206,0.65404463,nan,nan,0.06168046,0.07812622,0.25118107,0.57916254,0.23350686,0.30113074,nan,nan,0.11349273,0.55228972,nan,0.24098283,0.25978184,nan,nan,0.32765877,nan,nan,0.21732531,nan,nan,nan,nan,0.46079153,0.50344557,nan,0.35308722,nan,0.0702749,nan,nan,nan,nan,nan,0.16931647,nan,0.09651408,nan,nan,0.34445328,0.24991225,0.08259878,nan,0.17781948,0.36824074,nan,0.22806972,nan,nan,0.37433535,nan,nan,nan,0.10619245,nan,nan,nan,nan,0.18147698,nan,nan,nan,nan,0.22961576,0.40121642,nan,nan,nan,nan,nan,nan,nan,nan,nan,nan,nan,0.14910361,nan,nan,0.25724989,0.49105608,nan,nan,0.08385061,0.43085134,0.44828114,nan,0.34354049,0.07872266,nan,nan,0.28431067,nan,nan,nan,nan,nan,nan,0.36062568,0.47424015,nan,0.07391416,nan,0.48195058,nan,nan,0.08450704,0.85389894,nan,0.17139193,0.33155751,0.18494439,nan,nan,nan,nan,nan,0.13339847,nan,0.00166145,nan,nan,nan,nan,0.28485912,nan,nan,nan,nan,nan,nan,0.18151383,nan,nan,nan,nan,nan,0.23270385,0.11406481,nan,0.08629908,nan,nan,0.58554697,nan,nan,0.22357801,nan,nan,nan,nan,0.12614785,0.20265236,nan,0.27235103,nan,nan,0.50281966,nan,0.28282753,nan,nan,0.59184301,nan,nan,0.04151407,nan,nan,nan,nan,nan,nan,nan
19.9734057486687,12.6229144758398,4.02146137315572,24.9396541906611,9.03129411638265,8.72164942918909,8.70993800981278,5.42215835353784,5.26637588253492,4.99382543950995,4.92167306144208,5.11167956054897,50.7998573285322,52.9121091792475,6.62944929879455,14.1564791945206,22.987187583219,50.7287427176881,45.8008276631178,47.5800400598489,5.88171885104739,13.6268389979172,13.8507853867024,13.7638994995256,47.5499856786755,23.2283039814139,49.6587545655084,31.3280540308357,12.0534839275107,12.242657311341,12.242657311341,19.9590314230098,5.23351097508434,nan,6.76974701136481,39.5258062365914,15.1060351183639,6.41995554836767,57.0680286477006,33.3821121387324,26.9545003826703,26.9545003826703,56.3565637106293,56.4153504101905,56.3565637106293,8.66200087366687,20.1771695195831,36.4,2.9,14.8,nan,nan,63.4,11.9,15.9,2.8,nan,4.6,2.6,8.8,16.9,6.9,25.6,13.0,2.5,7.9,19.4,54.1,nan,20.9,22.4,1.8,46.0,13.9,nan,7.8,2.2,56.3,55.8,19.5,25.6,53.9,5.6,nan,63.7,63.4,nan,8.1,3.8,10.1,47.4,61.7,55.5,6.4,52.4,2.3,8.4,nan,4.1,5.4,6.5,45.2,nan,15.8,15.1,10.2,10.8,53.4,42.9,2.8,53.7,49.0,nan,10.1,1.3,6.0,nan,49.9,54.8,2.7,4.8,47.5,nan,10.9,nan,11.9,nan,25.1,55.7,62.1,20.0,30.3,14.0,nan,1.8,4.4,26.0,20.7,7.9,16.8,5.1,nan,10.0,4.9,11.2,12.7,10.7,4.5,63.3,28.7,9.5,10.1,nan,14.8,9.6,31.4,2.7,3.6,59.3,58.5,8.0,nan,3.6,4.9,nan,46.2,59.7,17.5,8.0,60.6,6.4,nan,53.4,6.5,9.8,18.5,4.2,nan,9.7,1.4,14.0,65.3,23.6,49.3,nan,25.0,5.2,nan,4.6,10.9,62.7,62.7,1.9,nan,7.3,10.5,34.9,nan,15.6,36.1,13.7,20.3,25.2,5.0,10.2,nan,5.2,4.2,4.8,42.4,12.0,nan,33.9,10.6,45.7,2.4,11.9,57.9,22.7,nan,4.8,5.0,22.2,64.2,39.6,63.4,5.1,7.5,nan,9.7,nan,13.4,35.2,13.3,5.2,4.3,5.1,23.2,55.8,15.8,45.6,51.7,11.7,9.0,7.8,4.4,17.2,nan,nan,54.5,4.1,6.5,7.7,5.2,7.6,10.3,18.8,11.3,11.5,nan,nan,28.7,60.6,54.6
13.8569947292448,9.46556179133474,4.43660800745367,10.1272408144101,7.10062285149102,7.26844302586648,7.27248214265069,4.54774664646094,5.3801524814906,6.60164561552449,6.26592627439168,4.46819996919459,11.7301731076901,11.1844502688098,5.51035790067959,8.88358899089876,9.22848411678647,8.24039804122257,11.2900667232861,10.188990859566,7.75613533386647,11.7085197629687,11.9105453009459,11.8176605323338,10.5031850943215,9.29583515390345,12.2433512356853,9.75929475951777,13.4038486218504,13.3978789956794,13.3978789956794,8.93124683896103,6.55811128114458,nan,5.93594774187814,8.60697094737884,6.53104343752687,5.36596517882484,10.558761283151,8.66894524797353,10.6936231728384,10.6936231728384,9.95245458485076,9.95836235289187,9.95245458485075,8.1084423660057,8.60000400635555,19.5,4.0,9.5,nan,nan,9.2,6.3,6.5,3.9,nan,5.9,5.2,4.6,9.2,10.1,7.5,4.2,7.0,6.4,13.2,10.2,nan,10.5,13.1,3.7,8.3,12.2,nan,7.4,2.6,11.0,12.1,10.1,10.0,10.9,6.1,nan,10.3,9.3,nan,7.1,7.0,15.0,10.9,10.3,9.9,10.2,10.4,5.3,7.9,nan,4.7,4.7,3.8,10.4,nan,12.0,12.8,5.8,15.4,10.7,11.9,4.5,9.6,11.7,nan,5.4,5.5,6.4,nan,9.1,10.9,3.6,4.0,9.8,nan,2.9,nan,6.8,nan,15.7,9.2,7.9,12.4,12.6,19.6,nan,4.4,5.8,11.3,6.0,10.1,28.4,4.3,nan,4.1,3.8,8.7,4.8,10.9,9.5,9.6,7.0,7.0,10.0,nan,12.8,7.7,8.9,5.4,5.8,8.3,10.0,20.1,nan,6.6,6.7,nan,10.6,8.6,8.9,7.6,8.9,3.2,nan,9.4,4.8,10.3,6.8,5.7,nan,10.6,3.5,6.4,7.8,8.6,9.8,nan,8.8,5.2,nan,6.0,12.7,10.4,8.3,2.8,nan,5.6,17.7,7.3,nan,9.7,8.0,12.0,10.5,7.5,4.7,4.2,nan,25.9,3.6,7.8,13.5,7.0,nan,11.4,16.3,12.2,3.0,7.3,8.9,3.7,nan,6.0,6.6,8.8,11.9,9.1,9.3,3.5,9.7,nan,8.3,nan,5.6,12.6,10.7,4.9,6.1,49.8,7.6,11.2,10.2,9.0,10.7,5.6,10.3,6.4,6.2,6.7,nan,nan,12.7,5.0,16.8,3.5,6.6,7.5,6.0,7.0,19.2,11.3,nan,nan,14.7,10.2,12.3
66.1936006577367,77.8673266198221,91.5396100333375,64.9343668028033,83.9213929273156,84.0800321866558,84.0872549709163,90.0481683917801,89.3669070449847,88.4211622632582,88.8265645026183,90.4334812103671,37.4669208038041,35.9038349029846,87.8772149344644,76.9913315793424,67.8070153830245,41.0277428855669,42.9083983289156,42.2293920064177,86.4205396240307,74.6584812223677,74.2357771236288,74.4121072551066,41.9455190914899,67.4995885287336,38.1099955541284,58.9158807561774,74.549135238716,74.3617679561631,74.3617679561631,71.1348874998514,88.3,nan,87.3065714830268,51.8473214568155,78.2957637053018,88.2383000077735,32.3714266533842,57.9223092722277,62.3518764444914,62.3518764444914,33.689025222518,33.6243284297092,33.6890252225181,83.2765198307515,71.2453215546358,44.1,93.1,75.7,nan,nan,27.4,81.8,77.6,93.3,nan,89.5,92.2,86.6,73.9,83.0,66.9,82.8,90.5,85.7,67.4,35.7,nan,68.6,64.5,94.5,45.7,73.9,nan,84.8,95.2,32.7,32.1,70.3,64.4,35.2,88.3,nan,26.0,27.3,nan,84.7,89.3,74.8,41.7,28.0,34.6,83.3,37.2,92.4,83.7,nan,91.1,89.9,89.7,44.4,nan,72.3,72.2,84.1,73.8,35.9,45.2,92.7,36.7,39.3,nan,84.4,93.2,87.6,nan,41.0,34.3,93.7,91.2,42.7,nan,86.2,nan,81.3,nan,59.2,35.1,30.0,67.6,57.1,66.5,nan,93.8,89.8,62.7,73.3,81.9,54.7,90.6,nan,85.8,91.4,80.0,82.4,78.4,86.0,27.1,64.4,83.6,79.8,nan,72.4,82.7,59.6,91.8,90.6,32.3,31.4,71.9,nan,89.8,88.4,nan,43.2,31.7,73.6,84.4,30.5,90.5,nan,37.2,88.7,79.9,74.8,90.1,nan,79.7,95.0,79.6,26.9,67.8,40.9,nan,66.2,89.6,nan,89.5,76.4,27.0,29.0,95.3,nan,87.0,71.9,57.8,nan,74.6,55.9,74.4,69.2,67.3,90.3,85.6,nan,68.9,92.2,87.4,44.0,81.0,nan,54.7,73.2,42.1,94.6,80.8,33.2,73.6,nan,89.2,88.4,68.9,23.9,51.3,27.3,91.4,82.8,nan,82.0,nan,81.0,52.2,75.9,89.9,89.6,45.1,69.2,32.9,74.0,45.4,37.6,82.7,80.7,85.8,89.4,76.2,nan,nan,32.9,91.0,76.8,88.8,88.3,84.9,83.7,74.1,69.5,77.2,nan,nan,56.6,29.2,33.0
nan,nan,nan,nan,nan,nan,nan,nan,nan,nan,nan,nan,nan,nan,nan,nan,nan,nan,nan,nan,nan,nan,nan,nan,nan,nan,nan,nan,nan,nan,nan,nan,nan,nan,nan,nan,nan,nan,nan,nan,nan,nan,nan,nan,nan,nan,1800000.0,500.0,nan,1000.0,nan,nan,31000.0,nan,nan,nan,nan,100.0,nan,200.0,nan,nan,nan,nan,500.0,nan,nan,5600.0,nan,nan,500.0,nan,nan,nan,nan,nan,nan,9800.0,9400.0,nan,2900.0,31000.0,nan,nan,6900.0,14000.0,nan,500.0,nan,nan,nan,68000.0,8000.0,500.0,32000.0,nan,100.0,nan,nan,nan,nan,1000.0,nan,1300.0,1000.0,1000.0,1000.0,2800.0,1200.0,nan,10000.0,44000.0,nan,nan,nan,500.0,nan,2800.0,2100.0,nan,nan,26000.0,nan,nan,nan,nan,nan,1200.0,9000.0,3200.0,500.0,8300.0,1000.0,nan,nan,nan,nan,nan,1000.0,nan,nan,nan,nan,500.0,1000.0,nan,nan,500.0,110000.0,nan,nan,nan,nan,nan,500.0,1000.0,nan,nan,12000.0,3600.0,500.0,nan,nan,nan,nan,1700.0,65000.0,500.0,nan,16000.0,nan,nan,500.0,100.0,nan,nan,500.0,nan,nan,nan,1000.0,150000.0,11000.0,10000.0,nan,1200.0,100.0,nan,nan,500.0,3000.0,150000.0,nan,nan,nan,nan,6100.0,nan,nan,3200.0,500.0,1400.0,500.0,nan,nan,nan,nan,100.0,nan,14000.0,nan,nan,nan,nan,3800.0,nan,nan,9100.0,nan,nan,nan,nan,nan,1100.0,340000.0,16000.0,100.0,nan,nan,nan,nan,nan,4000.0,200.0,nan,nan,nan,1000.0,93000.0,3300.0,nan,9900.0,nan,nan,100.0,nan,nan,nan,nan,100000.0,2900.0,nan,nan,nan,nan,5900.0,nan,3900.0,5200.0,nan,nan,500.0,66000.0,84000.0
nan,nan,nan,nan,nan,nan,nan,nan,nan,nan,nan,nan,nan,nan,nan,nan,nan,nan,nan,nan,nan,nan,nan,nan,nan,nan,nan,nan,nan,nan,nan,nan,nan,nan,nan,nan,nan,nan,nan,nan,nan,nan,nan,nan,nan,nan,150000.0,200.0,nan,200.0,nan,nan,4600.0,nan,nan,nan,nan,100.0,nan,100.0,nan,nan,nan,nan,100.0,nan,nan,500.0,nan,nan,100.0,nan,nan,nan,nan,nan,nan,1000.0,1000.0,nan,100.0,3300.0,nan,nan,1000.0,1500.0,nan,100.0,nan,nan,nan,7700.0,1500.0,100.0,1900.0,nan,100.0,nan,nan,nan,nan,100.0,nan,100.0,100.0,200.0,100.0,1000.0,200.0,nan,500.0,3200.0,nan,nan,nan,nan,nan,500.0,500.0,nan,nan,3000.0,nan,nan,nan,nan,nan,100.0,1000.0,500.0,100.0,1000.0,100.0,nan,nan,nan,nan,nan,100.0,nan,nan,nan,nan,100.0,100.0,nan,nan,100.0,6800.0,nan,nan,nan,nan,nan,100.0,100.0,nan,nan,1000.0,500.0,100.0,nan,nan,nan,nan,500.0,2500.0,100.0,nan,nan,nan,nan,nan,100.0,nan,nan,100.0,nan,nan,nan,100.0,15000.0,1000.0,500.0,nan,100.0,100.0,nan,nan,100.0,500.0,22000.0,nan,nan,nan,nan,1500.0,nan,nan,500.0,100.0,200.0,200.0,nan,nan,nan,nan,100.0,nan,1000.0,nan,nan,nan,nan,500.0,nan,nan,1300.0,nan,nan,nan,nan,nan,200.0,10000.0,2700.0,100.0,nan,nan,nan,nan,nan,1000.0,100.0,nan,nan,nan,500.0,8600.0,100.0,nan,1000.0,nan,nan,100.0,nan,nan,nan,nan,5700.0,200.0,nan,nan,nan,nan,1000.0,nan,500.0,500.0,nan,nan,100.0,6000.0,5200.0
nan,nan,nan,nan,nan,nan,nan,nan,nan,nan,nan,nan,nan,nan,nan,nan,nan,nan,nan,nan,nan,nan,nan,nan,nan,nan,nan,nan,nan,nan,nan,nan,nan,nan,nan,nan,nan,nan,nan,nan,nan,13800000.0,6100.0,500.0,2000.0,nan,nan,180000.0,nan,26000.0,1300.0,nan,1300.0,nan,3500.0,nan,nan,nan,1000.0,2400.0,nan,nan,45000.0,nan,nan,9200.0,nan,65000.0,nan,nan,nan,500.0,100000.0,73000.0,1000.0,53000.0,420000.0,nan,nan,90000.0,56000.0,nan,nan,nan,59000.0,100.0,440000.0,67000.0,1500.0,340000.0,100.0,1700.0,nan,nan,nan,nan,7000.0,nan,48000.0,18000.0,4300.0,15000.0,23000.0,9600.0,nan,43000.0,310000.0,nan,500.0,nan,2800.0,nan,20000.0,20000.0,500.0,nan,220000.0,nan,nan,nan,nan,nan,23000.0,65000.0,28000.0,1300.0,72000.0,23000.0,nan,nan,nan,nan,nan,23000.0,nan,200.0,nan,nan,4100.0,14000.0,nan,nan,6200.0,660000.0,nan,nan,nan,nan,nan,2500.0,5900.0,1000.0,500.0,85000.0,48000.0,1300.0,nan,1000.0,nan,nan,12000.0,460000.0,42000.0,nan,110000.0,nan,nan,7200.0,nan,nan,nan,3400.0,nan,500.0,100.0,7100.0,1100000.0,120000.0,37000.0,nan,21000.0,1300.0,nan,200.0,4300.0,47000.0,740000.0,nan,nan,nan,1200.0,53000.0,nan,nan,9000.0,15000.0,21000.0,11000.0,nan,nan,nan,nan,1100.0,nan,70000.0,nan,nan,nan,nan,38000.0,200.0,nan,41000.0,1000.0,nan,nan,nan,nan,18000.0,1400000.0,120000.0,6200.0,2200.0,nan,nan,nan,nan,40000.0,2100.0,nan,nan,500.0,3200.0,860000.0,230000.0,500.0,78000.0,nan,2300.0,1700.0,nan,nan,nan,nan,880000.0,64000.0,nan,nan,nan,nan,9200.0,nan,nan,92000.0,nan,nan,6700.0,350000.0,500000.0
nan,nan,nan,nan,nan,nan,nan,nan,nan,nan,nan,nan,nan,nan,nan,nan,nan,nan,nan,nan,nan,nan,nan,nan,nan,nan,nan,nan,nan,nan,nan,nan,nan,nan,nan,nan,nan,nan,nan,nan,nan,nan,nan,nan,nan,nan,nan,nan,nan,nan,nan,nan,nan,nan,nan,nan,nan,nan,nan,nan,nan,nan,nan,nan,nan,nan,nan,nan,nan,nan,nan,nan,nan,nan,nan,nan,nan,nan,nan,nan,nan,nan,nan,nan,nan,nan,nan,nan,nan,nan,nan,nan,nan,nan,nan,nan,nan,nan,nan,nan,nan,nan,nan,nan,nan,nan,nan,nan,nan,nan,nan,nan,nan,nan,nan,nan,nan,nan,nan,nan,nan,nan,nan,nan,nan,nan,nan,nan,nan,nan,nan,nan,nan,nan,nan,nan,nan,nan,nan,nan,nan,nan,nan,nan,nan,nan,nan,nan,nan,nan,nan,nan,nan,nan,nan,nan,nan,nan,nan,nan,nan,nan,nan,nan,nan,nan,nan,nan,nan,nan,nan,nan,nan,nan,37.7,nan,nan,nan,nan,nan,nan,nan,nan,nan,nan,nan,nan,nan,nan,nan,nan,nan,nan,nan,nan,nan,nan,nan,nan,nan,nan,nan,nan,nan,nan,nan,nan,nan,nan,nan,nan,nan,nan,nan,nan,nan,nan,nan,nan,nan,nan,nan,nan,nan,nan,nan,nan,nan,nan,nan,nan,nan,nan,nan,nan,nan,nan,nan,nan,nan,nan,nan,nan,nan,nan,nan,nan,nan,nan,nan,nan,nan,nan,nan,nan,nan,nan,nan,nan,nan,nan,nan,nan,nan
nan,nan,nan,nan,nan,nan,nan,nan,nan,nan,nan,nan,nan,nan,nan,nan,nan,nan,nan,nan,nan,nan,nan,nan,nan,nan,nan,nan,nan,nan,nan,nan,nan,nan,nan,nan,nan,nan,nan,nan,nan,nan,nan,nan,nan,nan,nan,nan,nan,nan,nan,nan,nan,nan,nan,nan,nan,nan,nan,nan,nan,nan,nan,nan,nan,nan,nan,35.6,nan,nan,nan,nan,nan,nan,nan,nan,nan,nan,nan,nan,nan,nan,nan,nan,nan,nan,nan,nan,nan,nan,nan,24.3,nan,nan,nan,nan,nan,nan,nan,nan,nan,nan,nan,nan,nan,nan,nan,nan,nan,nan,nan,nan,nan,nan,nan,nan,nan,nan,nan,nan,nan,nan,nan,nan,nan,nan,nan,nan,nan,62.4,77.0,nan,nan,nan,nan,nan,nan,nan,nan,nan,nan,nan,nan,nan,nan,nan,nan,nan,nan,nan,nan,nan,nan,nan,nan,nan,nan,nan,nan,nan,nan,nan,nan,nan,nan,nan,nan,nan,nan,nan,nan,nan,nan,nan,nan,nan,nan,nan,nan,nan,nan,nan,nan,nan,nan,nan,nan,nan,nan,nan,nan,nan,nan,nan,nan,nan,nan,nan,nan,nan,nan,nan,nan,nan,nan,nan,nan,nan,nan,nan,nan,nan,71.5,nan,nan,nan,nan,nan,nan,nan,nan,nan,nan,nan,nan,nan,nan,nan,nan,nan,nan,nan,nan,nan,nan,nan,nan,nan,nan,nan,nan,54.0,nan,nan,nan,nan,nan,nan,nan,nan,nan,nan,nan,nan,nan,nan,nan,nan,nan,nan,nan,nan,42.1,64.6
nan,nan,nan,nan,nan,nan,nan,nan,nan,nan,nan,nan,nan,nan,nan,nan,nan,nan,nan,nan,nan,nan,nan,nan,nan,nan,nan,nan,nan,nan,nan,nan,nan,nan,nan,nan,nan,nan,nan,nan,nan,nan,nan,nan,nan,nan,nan,nan,64.6,nan,nan,nan,nan,nan,nan,nan,nan,nan,nan,nan,nan,nan,nan,nan,nan,nan,nan,84.8,nan,nan,nan,nan,nan,nan,nan,nan,nan,nan,nan,nan,nan,nan,nan,nan,nan,nan,nan,nan,nan,nan,nan,nan,nan,nan,nan,nan,nan,nan,nan,nan,nan,nan,nan,nan,nan,nan,nan,nan,nan,nan,nan,nan,nan,nan,nan,nan,nan,nan,nan,nan,nan,nan,nan,nan,nan,nan,nan,nan,nan,nan,nan,nan,nan,nan,nan,nan,nan,nan,nan,68.3,nan,nan,nan,nan,nan,nan,nan,nan,nan,nan,nan,nan,nan,nan,98.7,nan,nan,nan,nan,nan,nan,nan,nan,nan,nan,nan,nan,nan,nan,nan,nan,nan,nan,nan,nan,nan,nan,nan,nan,nan,nan,nan,nan,nan,nan,nan,nan,nan,nan,nan,nan,nan,nan,nan,nan,nan,nan,nan,nan,nan,nan,88.7,nan,nan,nan,nan,nan,nan,nan,nan,nan,nan,nan,nan,nan,nan,nan,nan,nan,nan,nan,nan,nan,nan,nan,nan,nan,nan,nan,nan,nan,nan,nan,nan,nan,nan,nan,nan,nan,nan,nan,nan,nan,nan,nan,nan,nan,nan,nan,nan,nan,nan,nan,nan,nan,nan,nan,nan,nan,nan,nan,nan,nan,nan
nan,nan,nan,nan,nan,nan,nan,nan,nan,nan,nan,nan,nan,nan,nan,nan,nan,nan,nan,nan,nan,nan,nan,nan,nan,nan,nan,nan,nan,nan,nan,nan,nan,nan,nan,nan,nan,nan,nan,nan,nan,nan,nan,nan,nan,nan,nan,nan,46.0,nan,nan,nan,nan,nan,nan,nan,nan,nan,nan,nan,nan,nan,nan,nan,nan,nan,nan,15.5,nan,nan,nan,nan,nan,nan,nan,nan,nan,31.6686126218256,nan,nan,nan,nan,nan,nan,nan,nan,nan,nan,nan,nan,nan,nan,nan,nan,23.3,nan,nan,nan,nan,nan,nan,nan,nan,nan,nan,nan,nan,nan,nan,nan,nan,40.1,nan,nan,nan,nan,nan,nan,nan,nan,nan,nan,nan,nan,nan,nan,nan,nan,10.9,nan,nan,nan,nan,nan,nan,nan,nan,nan,nan,52.8,nan,nan,nan,nan,nan,nan,51.8,54.76369,nan,nan,nan,nan,nan,nan,nan,nan,nan,nan,nan,nan,nan,nan,nan,nan,nan,nan,nan,nan,nan,17.2,nan,nan,nan,nan,nan,nan,nan,nan,nan,nan,70.8,nan,nan,nan,nan,nan,nan,nan,nan,nan,nan,16.6,nan,nan,nan,nan,34.2,nan,nan,36.7,nan,nan,nan,nan,nan,nan,nan,nan,nan,nan,nan,nan,nan,nan,nan,nan,nan,nan,nan,nan,nan,nan,nan,nan,nan,nan,nan,nan,nan,nan,nan,nan,nan,nan,nan,nan,nan,nan,nan,nan,nan,nan,nan,nan,nan,nan,nan,nan,nan,41.8,nan,nan,nan,nan,nan,nan,nan,nan,nan,nan,nan,nan,49.6,nan
nan,nan,nan,nan,nan,nan,nan,nan,nan,nan,nan,nan,nan,nan,nan,nan,nan,nan,nan,nan,nan,nan,nan,nan,nan,nan,nan,nan,nan,nan,nan,nan,nan,nan,nan,nan,nan,nan,nan,nan,nan,nan,nan,nan,nan,nan,nan,nan,3.7,nan,nan,nan,nan,nan,nan,nan,nan,nan,nan,nan,nan,nan,nan,nan,nan,nan,nan,12.4,nan,nan,nan,nan,nan,nan,nan,nan,nan,29.9216089697224,nan,nan,nan,nan,nan,nan,nan,nan,nan,nan,nan,nan,nan,nan,nan,nan,19.6,nan,nan,nan,nan,nan,nan,nan,nan,nan,nan,nan,nan,nan,nan,nan,nan,37.8,nan,nan,nan,nan,nan,nan,nan,nan,nan,nan,nan,nan,nan,nan,nan,nan,10.6,nan,nan,nan,nan,nan,nan,nan,nan,nan,nan,36.1,nan,nan,nan,nan,nan,nan,37.4,51.91298,nan,nan,nan,nan,nan,nan,nan,nan,nan,nan,nan,nan,nan,nan,nan,nan,nan,nan,nan,nan,nan,16.4,nan,nan,nan,nan,nan,nan,nan,nan,nan,nan,58.0,nan,nan,nan,nan,nan,nan,nan,nan,nan,nan,12.0,nan,nan,nan,nan,25.0,nan,nan,30.5,nan,nan,nan,nan,nan,nan,nan,nan,nan,nan,nan,nan,nan,nan,nan,nan,nan,nan,nan,nan,nan,nan,nan,nan,nan,nan,nan,nan,nan,nan,nan,nan,nan,nan,nan,nan,nan,nan,nan,nan,nan,nan,nan,nan,nan,nan,nan,nan,nan,36.3,nan,nan,nan,nan,nan,nan,nan,nan,nan,nan,nan,nan,47.5,nan
5.22598704277905,6.36341736164883,6.61086019715766,5.04291262990024,6.66977742908825,5.09025875942115,5.09039017430177,10.13578919089,9.29203634485146,5.15141564854898,5.37070695517849,9.8539938343721,4.47002579063133,4.84320623179998,12.4248520890059,5.55763014495322,5.46238247423395,3.80404107558775,4.31813079946036,4.08001116023966,5.7589750725299,7.95636972856813,7.88931874496062,7.89928247974165,4.00388941579208,5.4133331237219,5.34241728227387,4.07315862319882,5.9597072493183,6.53196352278459,6.53196352278459,5.4141967485404,16.416149575909,nan,12.4566580931775,4.48164776968149,4.91915956969633,12.8859017630184,4.2416741273776,4.75763979857978,3.48222678564659,3.48222678564659,5.08460287975729,5.07834854430215,5.08460287975729,5.73978735941219,9.84877857521162,9.39572716,5.26271439,6.2184267,nan,6.71033096,2.54900527,5.23155928,9.62454033,10.02538967,nan,9.28459835,10.32559872,3.51373243,6.24896193,4.13356352,2.3428061,6.56259155,5.64426613,10.31865311,5.69105911,2.49141979,nan,3.0574255,6.30102587,8.895051,5.84825039,9.51438713,nan,2.41291642,7.34667873,5.62852383,7.74165535,5.35998297,6.02654314,3.52989626,10.79046917,nan,10.99253082,4.09880257,nan,9.14051342,5.35107994,7.63980007,4.58884811,3.30075741,2.13848233,7.56336021,4.19003773,6.82702351,11.18745422,nan,6.76976299,7.64651203,10.0707159,2.32438445,6.59153605,5.73298407,8.13646507,4.947577,7.10940361,2.99830961,4.09255791,6.6878767,6.54034519,3.29555655,nan,3.42366552,9.037323,11.25789452,nan,2.74503946,3.09379649,7.11329746,11.42995071,3.53888083,nan,7.71544075,nan,4.46386862,nan,5.70716429,3.93172431,6.99553871,5.93609333,7.69460344,7.04958153,nan,6.70007229,8.46930885,3.544245,2.87053037,8.66168594,4.1062417,6.92870378,nan,7.51703548,8.66763401,6.06135607,10.95338821,7.79041338,2.92212725,5.16729498,12.11170006,nan,7.56259203,nan,4.99920797,6.53458309,2.24630332,6.18923044,8.35297012,9.28354836,6.73955679,nan,nan,6.56775236,5.28587103,nan,4.78956461,9.33423615,3.7562995,9.41152477,3.8849268,8.96454525,17.55299377,4.58039093,5.82624388,5.37147474,12.59075356,6.59544849,1.59738493,3.78789377,8.4230423,5.31261539,8.17430115,4.79125547,7.95077181,9.5781002,5.84083414,9.97458649,nan,9.21034622,8.56453705,7.33380175,3.88990784,6.58288956,nan,10.0493927,4.13171434,3.20193386,10.86687088,7.26584625,2.36706114,6.65451145,5.23800182,4.40060663,6.33085012,9.40783501,nan,2.49480486,5.55660582,5.31590033,7.54268694,5.21262693,7.14421701,6.26645994,6.3615365,3.97799659,8.53899002,5.11036491,16.06307983,4.46444654,nan,6.68639565,8.29891014,4.47443104,nan,8.25342083,6.40037966,8.97741413,3.75841475,5.31148005,4.39812708,nan,4.47178459,4.51304483,7.96947193,10.8985014,11.87620926,nan,7.2394805,3.62868047,3.79303908,4.32635784,6.16532087,5.09657621,6.93182945,7.29209566,4.12414074,6.60540628,nan,19.04735947,6.52623558,7.72391653,4.22590351,9.99696255,16.88529778,9.20269966,5.29149055,3.37372637,3.56269026,5.91789675,nan,nan,nan,4.93484306,4.73433113
nan,nan,nan,nan,nan,nan,nan,nan,nan,nan,nan,nan,nan,nan,nan,nan,nan,nan,nan,nan,nan,nan,nan,nan,nan,nan,nan,nan,nan,nan,nan,nan,nan,nan,nan,nan,nan,nan,nan,nan,nan,nan,nan,75.2,nan,nan,nan,nan,nan,nan,nan,nan,nan,nan,nan,nan,nan,nan,nan,nan,nan,nan,32.4,nan,nan,nan,nan,nan,nan,nan,nan,nan,nan,nan,nan,nan,nan,nan,nan,nan,nan,nan,nan,nan,nan,nan,nan,nan,nan,nan,nan,nan,nan,nan,nan,nan,nan,nan,nan,nan,nan,nan,nan,nan,nan,nan,nan,nan,nan,nan,nan,nan,nan,nan,nan,nan,nan,nan,nan,nan,nan,nan,nan,33.0,nan,nan,nan,nan,nan,nan,nan,nan,nan,nan,nan,nan,nan,nan,nan,nan,nan,78.4,nan,nan,nan,nan,nan,nan,nan,nan,nan,nan,nan,nan,nan,nan,nan,nan,nan,nan,nan,nan,nan,nan,42.0,nan,nan,nan,nan,nan,nan,nan,nan,nan,nan,nan,nan,nan,nan,nan,nan,nan,nan,nan,nan,nan,46.9,nan,nan,nan,nan,66.4,nan,nan,58.7,nan,nan,nan,nan,nan,nan,nan,nan,nan,nan,nan,nan,nan,nan,nan,nan,nan,nan,nan,nan,nan,nan,nan,nan,nan,nan,nan,nan,nan,nan,nan,nan,nan,nan,nan,nan,nan,nan,nan,nan,nan,nan,nan,nan,nan,nan,nan,nan,nan,nan,nan,nan,nan,nan,nan,nan,nan,nan,nan,nan,nan,nan,71.6,nan
nan,nan,nan,nan,nan,nan,nan,nan,nan,nan,nan,nan,nan,nan,nan,nan,nan,nan,nan,nan,nan,nan,nan,nan,nan,nan,nan,nan,nan,nan,nan,nan,nan,nan,nan,nan,nan,nan,nan,nan,nan,nan,nan,nan,nan,nan,nan,nan,6.0,nan,nan,nan,nan,nan,nan,nan,nan,nan,nan,nan,nan,nan,nan,nan,nan,nan,nan,25.9,nan,nan,nan,nan,nan,nan,nan,nan,nan,55.35365,nan,nan,nan,nan,nan,nan,nan,nan,nan,nan,nan,nan,nan,nan,nan,nan,39.35743,nan,nan,nan,nan,nan,nan,nan,nan,nan,nan,nan,nan,nan,nan,nan,nan,62.27348,nan,nan,nan,nan,nan,nan,nan,nan,nan,nan,nan,nan,nan,nan,nan,nan,32.1,nan,nan,nan,nan,nan,nan,nan,nan,nan,nan,54.61422,nan,nan,nan,nan,nan,nan,56.7,nan,nan,nan,nan,nan,nan,nan,nan,nan,nan,nan,nan,nan,nan,nan,nan,nan,nan,nan,nan,nan,nan,39.9,nan,nan,nan,nan,nan,nan,nan,nan,nan,nan,68.55792,nan,nan,nan,nan,nan,nan,nan,nan,nan,nan,33.9,nan,nan,nan,nan,48.6,nan,nan,48.7,nan,nan,nan,nan,nan,nan,nan,nan,nan,nan,nan,nan,nan,nan,nan,nan,nan,nan,nan,nan,nan,nan,nan,nan,nan,nan,nan,nan,nan,nan,nan,nan,nan,nan,nan,nan,nan,nan,nan,nan,nan,nan,nan,nan,nan,nan,nan,nan,nan,53.53982,nan,nan,nan,nan,nan,nan,nan,nan,nan,nan,nan,nan,68.5,nan
12.5360014487132,11.6293459563468,6.29600154313648,10.0909103048341,8.2026083003578,8.48806177360445,8.51410214432952,6.76032684719303,6.68696937839643,7.23141595542283,7.09909460416144,6.67072020618206,6.47864523129464,5.72931897403342,7.93178807822402,9.30197680552855,8.98685962533355,10.6047411301316,6.45772214890162,7.85121782462659,8.83093828874485,9.6942713168105,9.72837134460252,9.67106673011569,6.44205818818152,9.00652274052378,6.39327883263964,9.51324622498735,11.3738981860628,10.7906436195894,10.8046155226177,9.24389844950074,10.461438276634,nan,8.31684813219102,8.2417729316188,15.3253108613222,7.57897792815511,5.37127963964259,9.26845146239497,11.2379264462022,11.2379264462022,5.35943978236203,5.33130555930865,5.35943978236203,9.00142754207131,8.81204441403762,9.2,9.0,6.7,nan,7.7,4.5,13.1,5.9,6.1,11.6,5.6,6.6,6.1,8.8,15.6,9.2,13.4,5.0,4.6,17.1,1.0,6.7,10.3,6.8,9.0,5.8,10.4,14.2,13.3,6.0,7.3,5.1,2.4,6.4,6.0,7.6,6.8,6.0,6.0,3.9,8.6,9.2,7.4,12.3,6.0,6.0,9.1,2.4,5.4,9.6,11.6,9.0,7.0,8.3,5.1,11.6,8.6,5.5,17.2,8.8,6.0,5.1,4.2,4.5,4.3,4.7,14.7,5.6,4.8,19.5,6.0,1.9,5.8,10.4,2.5,nan,4.7,2.1,10.7,18.7,10.0,2.4,2.4,11.6,6.7,7.3,4.5,6.9,5.8,10.4,6.3,9.6,8.8,3.2,nan,9.7,5.0,11.3,5.6,12.7,6.1,3.1,22.5,6.4,6.9,nan,12.2,6.1,6.4,5.0,11.2,4.5,2.4,10.2,9.4,3.8,5.0,4.3,4.5,4.5,16.7,9.2,2.4,8.3,30.5,7.1,22.0,13.5,11.9,5.7,2.9,4.7,9.0,7.0,3.3,3.9,4.5,12.0,7.2,5.4,21.8,6.2,11.4,2.4,3.1,9.3,nan,5.3,10.1,19.9,17.9,7.7,17.9,9.6,6.6,7.1,6.1,9.8,13.7,15.6,6.9,6.1,5.1,9.2,5.9,2.4,15.8,2.4,9.0,12.3,2.4,5.5,6.8,6.5,5.9,19.0,5.1,12.7,10.2,6.9,10.7,13.3,11.6,nan,11.6,22.1,12.5,4.8,5.7,13.5,6.1,5.7,7.0,6.7,2.4,15.7,11.0,8.5,11.1,6.1,nan,22.1,2.5,6.1,16.3,3.9,10.8,7.3,6.5,11.9,7.0,6.0,12.3,9.5,5.4,4.5,1.8
nan,nan,nan,nan,nan,nan,nan,nan,nan,nan,nan,nan,nan,nan,nan,nan,nan,nan,nan,nan,nan,nan,nan,nan,nan,nan,nan,nan,nan,nan,nan,nan,nan,nan,nan,nan,nan,nan,nan,nan,nan,nan,nan,nan,nan,nan,nan,57.5,36.5,nan,nan,nan,nan,nan,nan,nan,nan,nan,nan,nan,nan,nan,nan,nan,nan,nan,nan,41.4,nan,nan,nan,nan,nan,nan,nan,nan,nan,nan,nan,nan,nan,nan,nan,nan,nan,nan,nan,nan,nan,nan,nan,nan,nan,nan,nan,nan,nan,nan,nan,nan,nan,nan,nan,nan,nan,nan,nan,nan,nan,nan,nan,nan,nan,nan,nan,nan,nan,nan,nan,nan,nan,nan,nan,nan,nan,nan,nan,nan,33.4,nan,nan,nan,nan,nan,nan,nan,nan,nan,nan,25.8,nan,nan,nan,nan,nan,nan,25.4,nan,nan,nan,nan,nan,nan,nan,45.6,nan,nan,nan,nan,nan,nan,nan,nan,nan,nan,nan,nan,nan,nan,40.4,nan,nan,40.3,nan,nan,nan,nan,nan,nan,nan,nan,nan,nan,nan,nan,nan,nan,nan,nan,nan,nan,28.7,nan,nan,nan,nan,47.5,nan,nan,nan,nan,66.4,nan,nan,nan,nan,nan,nan,nan,nan,nan,nan,nan,nan,nan,nan,nan,nan,nan,nan,nan,nan,nan,nan,nan,nan,nan,nan,nan,nan,nan,nan,nan,nan,nan,nan,nan,nan,nan,nan,nan,nan,nan,nan,13.5,nan,nan,nan,nan,nan,nan,nan,nan,nan,nan,nan,nan,nan,nan,nan,nan,nan,69.9,nan
0.426304680503477,0.878752327781313,0.0340810126104992,1.20116988719188,0.0878564179166611,0.17870957500849,0.178954779355743,0.0103131452772887,0.0235723597905988,0.185323830938624,0.14889476261005,0.0104873283976026,9.67147964290255,22.4787696558413,0.0110644422682611,0.20906051463896,0.899708039045024,7.3891159059486,19.9076571690363,14.3804252754452,0.0683828710866939,0.232604300544095,0.246290369807066,0.235231164223484,21.3333166466431,0.941940016364229,29.1611937667397,3.24553810311491,0.423088910762697,0.417348790524105,0.417348790524105,0.595570941372909,0.0,nan,0.0102687565342091,2.29189432872131,18.3655975922576,0.00471759314789445,14.7445316742734,2.35923710442442,1.41001960840638,1.41001960840638,12.2567618277691,12.3788048982116,12.2567618277691,0.128807761918,0.197274595893174,16.44491768,1.34841347,0.02695344,nan,0.0,3.32279158,0.08968732,0.30256653,1.21678329,nan,0.0,0.0,0.66741472,0.52878946,0.0,6.51904058,1.18787313,0.28940114,0.0,2.49287057,30.11024094,nan,6.05179501,1.87173676,0.42446479,6.39993382,0.08720671,nan,0.0,0.0,15.18416405,30.94750023,8.92064381,20.53849983,8.54729652,0.0,nan,51.37659836,15.63923073,nan,0.0,0.00064801,0.0,14.46874619,35.2168541,7.94953012,0.0062117,12.3211832,0.00443079,0.08674135,nan,0.37592995,0.0,0.0,19.83445358,1.89391005,0.94872576,0.0959975,0.66367525,0.20383964,2.32541895,35.78637695,0.02545548,42.51794052,35.9340477,nan,2.19784975,0.00398112,0.0,nan,1.22247517,35.08362579,0.53532571,0.0,12.43914032,nan,0.1363593,nan,3.21536183,nan,1.68230891,9.88460636,12.43572903,3.01819754,39.17908859,3.03528953,nan,0.0,0.0,0.69543952,0.3781724,0.02105307,0.50349408,0.0,nan,1.74059963,0.0,1.49393916,0.0,4.55275536,0.15486297,15.50901508,23.50359154,nan,0.0,nan,0.0,4.70072842,12.45091534,0.16463046,0.96910882,25.89837074,25.21533585,nan,nan,0.31289709,1.41230023,nan,29.9738102,53.24208832,0.01281147,0.92856753,35.96562576,0.0,41.96381378,7.63526535,0.50151175,0.0,71.31720734,2.71713448,0.0,5.51231813,0.0,0.18119994,62.9161377,8.72343063,4.61060619,12.15947151,9.08836365,0.02551747,nan,0.0,5.41024399,11.76787567,7.86337423,0.00151673,nan,0.0,0.0,0.59929776,2.64269066,0.67385274,20.21154022,0.06299305,0.17801517,0.75921577,0.05831454,0.09428391,nan,0.0,0.0,0.0,30.68438148,15.19834995,0.0,39.7113266,0.0,13.72267914,0.68446821,0.3698397,25.87645912,0.0,nan,0.0,0.0,18.79774666,nan,1.88348067,62.33985519,0.0,2.23876667,0.0,0.32969323,nan,0.3979114,7.61426258,1.93820918,0.0,0.0,nan,4.33836746,32.23753738,0.33480215,27.99508858,16.80139351,22.73235703,0.01227323,0.43286765,0.0,0.45176026,nan,16.26236153,43.10063553,1.00794661,0.0,0.01306658,0.0,0.01627444,0.81049961,23.37606049,0.02953426,1.84610748,nan,nan,nan,44.56099319,20.01120186
